areaCode,areaName,areaType,date,hospitalCases
R0A,Manchester University NHS Foundation Trust,nhsTrust,2023-12-08,57
R0A,Manchester University NHS Foundation Trust,nhsTrust,2023-12-07,52
R0A,Manchester University NHS Foundation Trust,nhsTrust,2023-12-06,60
R0A,Manchester University NHS Foundation Trust,nhsTrust,2023-12-05,58
R0A,Manchester University NHS Foundation Trust,nhsTrust,2023-12-04,54
R0A,Manchester University NHS Foundation Trust,nhsTrust,2023-12-03,40
R0A,Manchester University NHS Foundation Trust,nhsTrust,2023-12-02,51
R0A,Manchester University NHS Foundation Trust,nhsTrust,2023-12-01,48
R0A,Manchester University NHS Foundation Trust,nhsTrust,2023-11-30,53
R0A,Manchester University NHS Foundation Trust,nhsTrust,2023-11-29,49
R0A,Manchester University NHS Foundation Trust,nhsTrust,2023-11-28,51
R0A,Manchester University NHS Foundation Trust,nhsTrust,2023-11-27,48
R0A,Manchester University NHS Foundation Trust,nhsTrust,2023-11-26,50
R0A,Manchester University NHS Foundation Trust,nhsTrust,2023-11-25,44
R0A,Manchester University NHS Foundation Trust,nhsTrust,2023-11-24,45
R0A,Manchester University NHS Foundation Trust,nhsTrust,2023-11-23,44
R0A,Manchester University NHS Foundation Trust,nhsTrust,2023-11-22,49
R0A,Manchester University NHS Foundation Trust,nhsTrust,2023-11-21,52
R0A,Manchester University NHS Foundation Trust,nhsTrust,2023-11-20,57
R0A,Manchester University NHS Foundation Trust,nhsTrust,2023-11-19,55
R0A,Manchester University NHS Foundation Trust,nhsTrust,2023-11-18,55
R0A,Manchester University NHS Foundation Trust,nhsTrust,2023-11-17,54
R0A,Manchester University NHS Foundation Trust,nhsTrust,2023-11-16,59
R0A,Manchester University NHS Foundation Trust,nhsTrust,2023-11-15,63
R0A,Manchester University NHS Foundation Trust,nhsTrust,2023-11-14,59
R0A,Manchester University NHS Foundation Trust,nhsTrust,2023-11-13,64
R0A,Manchester University NHS Foundation Trust,nhsTrust,2023-11-12,53
R0A,Manchester University NHS Foundation Trust,nhsTrust,2023-11-11,53
R0A,Manchester University NHS Foundation Trust,nhsTrust,2023-11-10,53
R0A,Manchester University NHS Foundation Trust,nhsTrust,2023-11-09,51
R0A,Manchester University NHS Foundation Trust,nhsTrust,2023-11-08,58
R0A,Manchester University NHS Foundation Trust,nhsTrust,2023-11-07,62
R0A,Manchester University NHS Foundation Trust,nhsTrust,2023-11-06,64
R0A,Manchester University NHS Foundation Trust,nhsTrust,2023-11-05,71
R0A,Manchester University NHS Foundation Trust,nhsTrust,2023-11-04,73
R0A,Manchester University NHS Foundation Trust,nhsTrust,2023-11-03,68
R0A,Manchester University NHS Foundation Trust,nhsTrust,2023-11-02,73
R0A,Manchester University NHS Foundation Trust,nhsTrust,2023-11-01,69
R0A,Manchester University NHS Foundation Trust,nhsTrust,2023-10-31,65
R0A,Manchester University NHS Foundation Trust,nhsTrust,2023-10-30,65
R0A,Manchester University NHS Foundation Trust,nhsTrust,2023-10-29,68
R0A,Manchester University NHS Foundation Trust,nhsTrust,2023-10-28,71
R0A,Manchester University NHS Foundation Trust,nhsTrust,2023-10-27,73
R0A,Manchester University NHS Foundation Trust,nhsTrust,2023-10-26,71
R0A,Manchester University NHS Foundation Trust,nhsTrust,2023-10-25,72
R0A,Manchester University NHS Foundation Trust,nhsTrust,2023-10-24,75
R0A,Manchester University NHS Foundation Trust,nhsTrust,2023-10-23,67
R0A,Manchester University NHS Foundation Trust,nhsTrust,2023-10-22,64
R0A,Manchester University NHS Foundation Trust,nhsTrust,2023-10-21,67
R0A,Manchester University NHS Foundation Trust,nhsTrust,2023-10-20,64
R0A,Manchester University NHS Foundation Trust,nhsTrust,2023-10-19,68
R0A,Manchester University NHS Foundation Trust,nhsTrust,2023-10-18,76
R0A,Manchester University NHS Foundation Trust,nhsTrust,2023-10-17,84
R0A,Manchester University NHS Foundation Trust,nhsTrust,2023-10-16,93
R0A,Manchester University NHS Foundation Trust,nhsTrust,2023-10-15,47
R0A,Manchester University NHS Foundation Trust,nhsTrust,2023-10-14,97
R0A,Manchester University NHS Foundation Trust,nhsTrust,2023-10-13,104
R0A,Manchester University NHS Foundation Trust,nhsTrust,2023-10-12,107
R0A,Manchester University NHS Foundation Trust,nhsTrust,2023-10-11,113
R0A,Manchester University NHS Foundation Trust,nhsTrust,2023-10-10,124
R0A,Manchester University NHS Foundation Trust,nhsTrust,2023-10-09,125
R0A,Manchester University NHS Foundation Trust,nhsTrust,2023-10-08,113
R0A,Manchester University NHS Foundation Trust,nhsTrust,2023-10-07,108
R0A,Manchester University NHS Foundation Trust,nhsTrust,2023-10-06,103
R0A,Manchester University NHS Foundation Trust,nhsTrust,2023-10-05,98
R0A,Manchester University NHS Foundation Trust,nhsTrust,2023-10-04,93
R0A,Manchester University NHS Foundation Trust,nhsTrust,2023-10-03,87
R0A,Manchester University NHS Foundation Trust,nhsTrust,2023-10-02,72
R0A,Manchester University NHS Foundation Trust,nhsTrust,2023-10-01,70
R0A,Manchester University NHS Foundation Trust,nhsTrust,2023-09-30,71
R0A,Manchester University NHS Foundation Trust,nhsTrust,2023-09-29,70
R0A,Manchester University NHS Foundation Trust,nhsTrust,2023-09-28,62
R0A,Manchester University NHS Foundation Trust,nhsTrust,2023-09-27,67
R0A,Manchester University NHS Foundation Trust,nhsTrust,2023-09-26,68
R0A,Manchester University NHS Foundation Trust,nhsTrust,2023-09-25,71
R0A,Manchester University NHS Foundation Trust,nhsTrust,2023-09-24,72
R0A,Manchester University NHS Foundation Trust,nhsTrust,2023-09-23,69
R0A,Manchester University NHS Foundation Trust,nhsTrust,2023-09-22,60
R0A,Manchester University NHS Foundation Trust,nhsTrust,2023-09-21,70
R0A,Manchester University NHS Foundation Trust,nhsTrust,2023-09-20,70
R0A,Manchester University NHS Foundation Trust,nhsTrust,2023-09-19,73
R0A,Manchester University NHS Foundation Trust,nhsTrust,2023-09-18,67
R0A,Manchester University NHS Foundation Trust,nhsTrust,2023-09-17,66
R0A,Manchester University NHS Foundation Trust,nhsTrust,2023-09-16,67
R0A,Manchester University NHS Foundation Trust,nhsTrust,2023-09-15,69
R0A,Manchester University NHS Foundation Trust,nhsTrust,2023-09-14,66
R0A,Manchester University NHS Foundation Trust,nhsTrust,2023-09-13,70
R0A,Manchester University NHS Foundation Trust,nhsTrust,2023-09-12,67
R0A,Manchester University NHS Foundation Trust,nhsTrust,2023-09-11,72
R0A,Manchester University NHS Foundation Trust,nhsTrust,2023-09-10,62
R0A,Manchester University NHS Foundation Trust,nhsTrust,2023-09-09,35
R0A,Manchester University NHS Foundation Trust,nhsTrust,2023-09-08,62
R0A,Manchester University NHS Foundation Trust,nhsTrust,2023-09-07,55
R0A,Manchester University NHS Foundation Trust,nhsTrust,2023-09-06,58
R0A,Manchester University NHS Foundation Trust,nhsTrust,2023-09-05,61
R0A,Manchester University NHS Foundation Trust,nhsTrust,2023-09-04,65
R0A,Manchester University NHS Foundation Trust,nhsTrust,2023-09-03,69
R0A,Manchester University NHS Foundation Trust,nhsTrust,2023-09-02,33
R0A,Manchester University NHS Foundation Trust,nhsTrust,2023-09-01,61
R0A,Manchester University NHS Foundation Trust,nhsTrust,2023-08-31,65
R0A,Manchester University NHS Foundation Trust,nhsTrust,2023-08-30,64
R0A,Manchester University NHS Foundation Trust,nhsTrust,2023-08-29,57
R0A,Manchester University NHS Foundation Trust,nhsTrust,2023-08-28,55
R0A,Manchester University NHS Foundation Trust,nhsTrust,2023-08-27,52
R0A,Manchester University NHS Foundation Trust,nhsTrust,2023-08-26,50
R0A,Manchester University NHS Foundation Trust,nhsTrust,2023-08-25,50
R0A,Manchester University NHS Foundation Trust,nhsTrust,2023-08-24,45
R0A,Manchester University NHS Foundation Trust,nhsTrust,2023-08-23,40
R0A,Manchester University NHS Foundation Trust,nhsTrust,2023-08-22,42
R0A,Manchester University NHS Foundation Trust,nhsTrust,2023-08-21,33
R0A,Manchester University NHS Foundation Trust,nhsTrust,2023-08-20,32
R0A,Manchester University NHS Foundation Trust,nhsTrust,2023-08-19,33
R0A,Manchester University NHS Foundation Trust,nhsTrust,2023-08-18,32
R0A,Manchester University NHS Foundation Trust,nhsTrust,2023-08-17,32
R0A,Manchester University NHS Foundation Trust,nhsTrust,2023-08-16,38
R0A,Manchester University NHS Foundation Trust,nhsTrust,2023-08-15,36
R0A,Manchester University NHS Foundation Trust,nhsTrust,2023-08-14,39
R0A,Manchester University NHS Foundation Trust,nhsTrust,2023-08-13,38
R0A,Manchester University NHS Foundation Trust,nhsTrust,2023-08-12,42
R0A,Manchester University NHS Foundation Trust,nhsTrust,2023-08-11,46
R0A,Manchester University NHS Foundation Trust,nhsTrust,2023-08-10,43
R0A,Manchester University NHS Foundation Trust,nhsTrust,2023-08-09,41
R0A,Manchester University NHS Foundation Trust,nhsTrust,2023-08-08,45
R0A,Manchester University NHS Foundation Trust,nhsTrust,2023-08-07,47
R0A,Manchester University NHS Foundation Trust,nhsTrust,2023-08-06,44
R0A,Manchester University NHS Foundation Trust,nhsTrust,2023-08-05,39
R0A,Manchester University NHS Foundation Trust,nhsTrust,2023-08-04,34
R0A,Manchester University NHS Foundation Trust,nhsTrust,2023-08-03,38
R0A,Manchester University NHS Foundation Trust,nhsTrust,2023-08-02,34
R0A,Manchester University NHS Foundation Trust,nhsTrust,2023-08-01,37
R0A,Manchester University NHS Foundation Trust,nhsTrust,2023-07-31,35
R0A,Manchester University NHS Foundation Trust,nhsTrust,2023-07-30,30
R0A,Manchester University NHS Foundation Trust,nhsTrust,2023-07-29,30
R0A,Manchester University NHS Foundation Trust,nhsTrust,2023-07-28,26
R0A,Manchester University NHS Foundation Trust,nhsTrust,2023-07-27,28
R0A,Manchester University NHS Foundation Trust,nhsTrust,2023-07-26,28
R0A,Manchester University NHS Foundation Trust,nhsTrust,2023-07-25,27
R0A,Manchester University NHS Foundation Trust,nhsTrust,2023-07-24,26
R0A,Manchester University NHS Foundation Trust,nhsTrust,2023-07-23,25
R0A,Manchester University NHS Foundation Trust,nhsTrust,2023-07-22,26
R0A,Manchester University NHS Foundation Trust,nhsTrust,2023-07-21,20
R0A,Manchester University NHS Foundation Trust,nhsTrust,2023-07-20,20
R0A,Manchester University NHS Foundation Trust,nhsTrust,2023-07-19,19
R0A,Manchester University NHS Foundation Trust,nhsTrust,2023-07-18,18
R0A,Manchester University NHS Foundation Trust,nhsTrust,2023-07-17,12
R0A,Manchester University NHS Foundation Trust,nhsTrust,2023-07-16,7
R0A,Manchester University NHS Foundation Trust,nhsTrust,2023-07-15,12
R0A,Manchester University NHS Foundation Trust,nhsTrust,2023-07-14,12
R0A,Manchester University NHS Foundation Trust,nhsTrust,2023-07-13,16
R0A,Manchester University NHS Foundation Trust,nhsTrust,2023-07-12,22
R0A,Manchester University NHS Foundation Trust,nhsTrust,2023-07-11,24
R0A,Manchester University NHS Foundation Trust,nhsTrust,2023-07-10,25
R0A,Manchester University NHS Foundation Trust,nhsTrust,2023-07-09,29
R0A,Manchester University NHS Foundation Trust,nhsTrust,2023-07-08,26
R0A,Manchester University NHS Foundation Trust,nhsTrust,2023-07-07,26
R0A,Manchester University NHS Foundation Trust,nhsTrust,2023-07-06,25
R0A,Manchester University NHS Foundation Trust,nhsTrust,2023-07-05,26
R0A,Manchester University NHS Foundation Trust,nhsTrust,2023-07-04,29
R0A,Manchester University NHS Foundation Trust,nhsTrust,2023-07-03,26
R0A,Manchester University NHS Foundation Trust,nhsTrust,2023-07-02,25
R0A,Manchester University NHS Foundation Trust,nhsTrust,2023-07-01,24
R0A,Manchester University NHS Foundation Trust,nhsTrust,2023-06-30,22
R0A,Manchester University NHS Foundation Trust,nhsTrust,2023-06-29,20
R0A,Manchester University NHS Foundation Trust,nhsTrust,2023-06-28,21
R0A,Manchester University NHS Foundation Trust,nhsTrust,2023-06-27,22
R0A,Manchester University NHS Foundation Trust,nhsTrust,2023-06-26,27
R0A,Manchester University NHS Foundation Trust,nhsTrust,2023-06-25,27
R0A,Manchester University NHS Foundation Trust,nhsTrust,2023-06-24,29
R0A,Manchester University NHS Foundation Trust,nhsTrust,2023-06-23,31
R0A,Manchester University NHS Foundation Trust,nhsTrust,2023-06-22,41
R0A,Manchester University NHS Foundation Trust,nhsTrust,2023-06-21,42
R0A,Manchester University NHS Foundation Trust,nhsTrust,2023-06-20,44
R0A,Manchester University NHS Foundation Trust,nhsTrust,2023-06-19,47
R0A,Manchester University NHS Foundation Trust,nhsTrust,2023-06-18,49
R0A,Manchester University NHS Foundation Trust,nhsTrust,2023-06-17,51
R0A,Manchester University NHS Foundation Trust,nhsTrust,2023-06-16,52
R0A,Manchester University NHS Foundation Trust,nhsTrust,2023-06-15,58
R0A,Manchester University NHS Foundation Trust,nhsTrust,2023-06-14,63
R0A,Manchester University NHS Foundation Trust,nhsTrust,2023-06-13,67
R0A,Manchester University NHS Foundation Trust,nhsTrust,2023-06-12,73
R0A,Manchester University NHS Foundation Trust,nhsTrust,2023-06-11,75
R0A,Manchester University NHS Foundation Trust,nhsTrust,2023-06-10,69
R0A,Manchester University NHS Foundation Trust,nhsTrust,2023-06-09,71
R0A,Manchester University NHS Foundation Trust,nhsTrust,2023-06-08,71
R0A,Manchester University NHS Foundation Trust,nhsTrust,2023-06-07,68
R0A,Manchester University NHS Foundation Trust,nhsTrust,2023-06-06,61
R0A,Manchester University NHS Foundation Trust,nhsTrust,2023-06-05,62
R0A,Manchester University NHS Foundation Trust,nhsTrust,2023-06-04,58
R0A,Manchester University NHS Foundation Trust,nhsTrust,2023-06-03,48
R0A,Manchester University NHS Foundation Trust,nhsTrust,2023-06-02,48
R0A,Manchester University NHS Foundation Trust,nhsTrust,2023-06-01,48
R0A,Manchester University NHS Foundation Trust,nhsTrust,2023-05-31,50
R0A,Manchester University NHS Foundation Trust,nhsTrust,2023-05-30,53
R0A,Manchester University NHS Foundation Trust,nhsTrust,2023-05-29,51
R0A,Manchester University NHS Foundation Trust,nhsTrust,2023-05-28,51
R0A,Manchester University NHS Foundation Trust,nhsTrust,2023-05-27,50
R0A,Manchester University NHS Foundation Trust,nhsTrust,2023-05-26,51
R0A,Manchester University NHS Foundation Trust,nhsTrust,2023-05-25,47
R0A,Manchester University NHS Foundation Trust,nhsTrust,2023-05-24,49
R0A,Manchester University NHS Foundation Trust,nhsTrust,2023-05-23,48
R0A,Manchester University NHS Foundation Trust,nhsTrust,2023-05-22,49
R0A,Manchester University NHS Foundation Trust,nhsTrust,2023-05-21,47
R0A,Manchester University NHS Foundation Trust,nhsTrust,2023-05-20,46
R0A,Manchester University NHS Foundation Trust,nhsTrust,2023-05-19,42
R0A,Manchester University NHS Foundation Trust,nhsTrust,2023-05-18,51
R0A,Manchester University NHS Foundation Trust,nhsTrust,2023-05-17,51
R0A,Manchester University NHS Foundation Trust,nhsTrust,2023-05-16,50
R0A,Manchester University NHS Foundation Trust,nhsTrust,2023-05-15,50
R0A,Manchester University NHS Foundation Trust,nhsTrust,2023-05-14,51
R0A,Manchester University NHS Foundation Trust,nhsTrust,2023-05-13,45
R0A,Manchester University NHS Foundation Trust,nhsTrust,2023-05-12,42
R0A,Manchester University NHS Foundation Trust,nhsTrust,2023-05-11,40
R0A,Manchester University NHS Foundation Trust,nhsTrust,2023-05-10,42
R0A,Manchester University NHS Foundation Trust,nhsTrust,2023-05-09,45
R0A,Manchester University NHS Foundation Trust,nhsTrust,2023-05-08,44
R0A,Manchester University NHS Foundation Trust,nhsTrust,2023-05-07,40
R0A,Manchester University NHS Foundation Trust,nhsTrust,2023-05-06,41
R0A,Manchester University NHS Foundation Trust,nhsTrust,2023-05-05,40
R0A,Manchester University NHS Foundation Trust,nhsTrust,2023-05-04,40
R0A,Manchester University NHS Foundation Trust,nhsTrust,2023-05-03,42
R0A,Manchester University NHS Foundation Trust,nhsTrust,2023-05-02,51
R0A,Manchester University NHS Foundation Trust,nhsTrust,2023-05-01,50
R0A,Manchester University NHS Foundation Trust,nhsTrust,2023-04-30,52
R0A,Manchester University NHS Foundation Trust,nhsTrust,2023-04-29,51
R0A,Manchester University NHS Foundation Trust,nhsTrust,2023-04-28,55
R0A,Manchester University NHS Foundation Trust,nhsTrust,2023-04-27,52
R0A,Manchester University NHS Foundation Trust,nhsTrust,2023-04-26,53
R0A,Manchester University NHS Foundation Trust,nhsTrust,2023-04-25,63
R0A,Manchester University NHS Foundation Trust,nhsTrust,2023-04-24,64
R0A,Manchester University NHS Foundation Trust,nhsTrust,2023-04-23,70
R0A,Manchester University NHS Foundation Trust,nhsTrust,2023-04-22,68
R0A,Manchester University NHS Foundation Trust,nhsTrust,2023-04-21,68
R0A,Manchester University NHS Foundation Trust,nhsTrust,2023-04-20,64
R0A,Manchester University NHS Foundation Trust,nhsTrust,2023-04-19,73
R0A,Manchester University NHS Foundation Trust,nhsTrust,2023-04-18,76
R0A,Manchester University NHS Foundation Trust,nhsTrust,2023-04-17,71
R0A,Manchester University NHS Foundation Trust,nhsTrust,2023-04-16,76
R0A,Manchester University NHS Foundation Trust,nhsTrust,2023-04-15,74
R0A,Manchester University NHS Foundation Trust,nhsTrust,2023-04-14,76
R0A,Manchester University NHS Foundation Trust,nhsTrust,2023-04-13,78
R0A,Manchester University NHS Foundation Trust,nhsTrust,2023-04-12,82
R0A,Manchester University NHS Foundation Trust,nhsTrust,2023-04-11,96
R0A,Manchester University NHS Foundation Trust,nhsTrust,2023-04-10,95
R0A,Manchester University NHS Foundation Trust,nhsTrust,2023-04-09,96
R0A,Manchester University NHS Foundation Trust,nhsTrust,2023-04-08,95
R0A,Manchester University NHS Foundation Trust,nhsTrust,2023-04-07,94
R0A,Manchester University NHS Foundation Trust,nhsTrust,2023-04-06,95
R0A,Manchester University NHS Foundation Trust,nhsTrust,2023-04-05,87
R0A,Manchester University NHS Foundation Trust,nhsTrust,2023-04-04,96
R0A,Manchester University NHS Foundation Trust,nhsTrust,2023-04-03,97
R0A,Manchester University NHS Foundation Trust,nhsTrust,2023-04-02,103
R0A,Manchester University NHS Foundation Trust,nhsTrust,2023-04-01,97
R0A,Manchester University NHS Foundation Trust,nhsTrust,2023-03-31,98
R0A,Manchester University NHS Foundation Trust,nhsTrust,2023-03-30,91
R0A,Manchester University NHS Foundation Trust,nhsTrust,2023-03-29,93
R0A,Manchester University NHS Foundation Trust,nhsTrust,2023-03-28,93
R0A,Manchester University NHS Foundation Trust,nhsTrust,2023-03-27,102
R0A,Manchester University NHS Foundation Trust,nhsTrust,2023-03-26,100
R0A,Manchester University NHS Foundation Trust,nhsTrust,2023-03-25,96
R0A,Manchester University NHS Foundation Trust,nhsTrust,2023-03-24,96
R0A,Manchester University NHS Foundation Trust,nhsTrust,2023-03-23,104
R0A,Manchester University NHS Foundation Trust,nhsTrust,2023-03-22,107
R0A,Manchester University NHS Foundation Trust,nhsTrust,2023-03-21,110
R0A,Manchester University NHS Foundation Trust,nhsTrust,2023-03-20,110
R0A,Manchester University NHS Foundation Trust,nhsTrust,2023-03-19,104
R0A,Manchester University NHS Foundation Trust,nhsTrust,2023-03-18,107
R0A,Manchester University NHS Foundation Trust,nhsTrust,2023-03-17,112
R0A,Manchester University NHS Foundation Trust,nhsTrust,2023-03-16,117
R0A,Manchester University NHS Foundation Trust,nhsTrust,2023-03-15,117
R0A,Manchester University NHS Foundation Trust,nhsTrust,2023-03-14,121
R0A,Manchester University NHS Foundation Trust,nhsTrust,2023-03-13,114
R0A,Manchester University NHS Foundation Trust,nhsTrust,2023-03-12,108
R0A,Manchester University NHS Foundation Trust,nhsTrust,2023-03-11,109
R0A,Manchester University NHS Foundation Trust,nhsTrust,2023-03-10,108
R0A,Manchester University NHS Foundation Trust,nhsTrust,2023-03-09,92
R0A,Manchester University NHS Foundation Trust,nhsTrust,2023-03-08,98
R0A,Manchester University NHS Foundation Trust,nhsTrust,2023-03-07,101
R0A,Manchester University NHS Foundation Trust,nhsTrust,2023-03-06,96
R0A,Manchester University NHS Foundation Trust,nhsTrust,2023-03-05,95
R0A,Manchester University NHS Foundation Trust,nhsTrust,2023-03-04,101
R0A,Manchester University NHS Foundation Trust,nhsTrust,2023-03-03,104
R0A,Manchester University NHS Foundation Trust,nhsTrust,2023-03-02,111
R0A,Manchester University NHS Foundation Trust,nhsTrust,2023-03-01,111
R0A,Manchester University NHS Foundation Trust,nhsTrust,2023-02-28,113
R0A,Manchester University NHS Foundation Trust,nhsTrust,2023-02-27,116
R0A,Manchester University NHS Foundation Trust,nhsTrust,2023-02-26,117
R0A,Manchester University NHS Foundation Trust,nhsTrust,2023-02-25,117
R0A,Manchester University NHS Foundation Trust,nhsTrust,2023-02-24,113
R0A,Manchester University NHS Foundation Trust,nhsTrust,2023-02-23,508
R0A,Manchester University NHS Foundation Trust,nhsTrust,2023-02-22,423
R0A,Manchester University NHS Foundation Trust,nhsTrust,2023-02-21,417
R0A,Manchester University NHS Foundation Trust,nhsTrust,2023-02-20,423
R0A,Manchester University NHS Foundation Trust,nhsTrust,2023-02-19,410
R0A,Manchester University NHS Foundation Trust,nhsTrust,2023-02-18,405
R0A,Manchester University NHS Foundation Trust,nhsTrust,2023-02-17,404
R0A,Manchester University NHS Foundation Trust,nhsTrust,2023-02-16,405
R0A,Manchester University NHS Foundation Trust,nhsTrust,2023-02-15,400
R0A,Manchester University NHS Foundation Trust,nhsTrust,2023-02-14,413
R0A,Manchester University NHS Foundation Trust,nhsTrust,2023-02-13,408
R0A,Manchester University NHS Foundation Trust,nhsTrust,2023-02-12,408
R0A,Manchester University NHS Foundation Trust,nhsTrust,2023-02-11,400
R0A,Manchester University NHS Foundation Trust,nhsTrust,2023-02-10,400
R0A,Manchester University NHS Foundation Trust,nhsTrust,2023-02-09,397
R0A,Manchester University NHS Foundation Trust,nhsTrust,2023-02-08,394
R0A,Manchester University NHS Foundation Trust,nhsTrust,2023-02-07,395
R0A,Manchester University NHS Foundation Trust,nhsTrust,2023-02-06,391
R0A,Manchester University NHS Foundation Trust,nhsTrust,2023-02-05,386
R0A,Manchester University NHS Foundation Trust,nhsTrust,2023-02-04,380
R0A,Manchester University NHS Foundation Trust,nhsTrust,2023-02-03,392
R0A,Manchester University NHS Foundation Trust,nhsTrust,2023-02-02,392
R0A,Manchester University NHS Foundation Trust,nhsTrust,2023-02-01,390
R0A,Manchester University NHS Foundation Trust,nhsTrust,2023-01-31,391
R0A,Manchester University NHS Foundation Trust,nhsTrust,2023-01-30,391
R0A,Manchester University NHS Foundation Trust,nhsTrust,2023-01-29,381
R0A,Manchester University NHS Foundation Trust,nhsTrust,2023-01-28,382
R0A,Manchester University NHS Foundation Trust,nhsTrust,2023-01-27,388
R0A,Manchester University NHS Foundation Trust,nhsTrust,2023-01-26,390
R0A,Manchester University NHS Foundation Trust,nhsTrust,2023-01-25,387
R0A,Manchester University NHS Foundation Trust,nhsTrust,2023-01-24,392
R0A,Manchester University NHS Foundation Trust,nhsTrust,2023-01-23,401
R0A,Manchester University NHS Foundation Trust,nhsTrust,2023-01-22,398
R0A,Manchester University NHS Foundation Trust,nhsTrust,2023-01-21,394
R0A,Manchester University NHS Foundation Trust,nhsTrust,2023-01-20,396
R0A,Manchester University NHS Foundation Trust,nhsTrust,2023-01-19,407
R0A,Manchester University NHS Foundation Trust,nhsTrust,2023-01-18,416
R0A,Manchester University NHS Foundation Trust,nhsTrust,2023-01-17,430
R0A,Manchester University NHS Foundation Trust,nhsTrust,2023-01-16,427
R0A,Manchester University NHS Foundation Trust,nhsTrust,2023-01-15,429
R0A,Manchester University NHS Foundation Trust,nhsTrust,2023-01-14,427
R0A,Manchester University NHS Foundation Trust,nhsTrust,2023-01-13,424
R0A,Manchester University NHS Foundation Trust,nhsTrust,2023-01-12,427
R0A,Manchester University NHS Foundation Trust,nhsTrust,2023-01-11,432
R0A,Manchester University NHS Foundation Trust,nhsTrust,2023-01-10,435
R0A,Manchester University NHS Foundation Trust,nhsTrust,2023-01-09,434
R0A,Manchester University NHS Foundation Trust,nhsTrust,2023-01-08,427
R0A,Manchester University NHS Foundation Trust,nhsTrust,2023-01-07,425
R0A,Manchester University NHS Foundation Trust,nhsTrust,2023-01-06,421
R0A,Manchester University NHS Foundation Trust,nhsTrust,2023-01-05,422
R0A,Manchester University NHS Foundation Trust,nhsTrust,2023-01-04,418
R0A,Manchester University NHS Foundation Trust,nhsTrust,2023-01-03,412
R0A,Manchester University NHS Foundation Trust,nhsTrust,2023-01-02,409
R0A,Manchester University NHS Foundation Trust,nhsTrust,2023-01-01,402
R0A,Manchester University NHS Foundation Trust,nhsTrust,2022-12-31,387
R0A,Manchester University NHS Foundation Trust,nhsTrust,2022-12-30,383
R0A,Manchester University NHS Foundation Trust,nhsTrust,2022-12-29,385
R0A,Manchester University NHS Foundation Trust,nhsTrust,2022-12-28,383
R0A,Manchester University NHS Foundation Trust,nhsTrust,2022-12-27,370
R0A,Manchester University NHS Foundation Trust,nhsTrust,2022-12-26,372
R0A,Manchester University NHS Foundation Trust,nhsTrust,2022-12-25,373
R0A,Manchester University NHS Foundation Trust,nhsTrust,2022-12-24,370
R0A,Manchester University NHS Foundation Trust,nhsTrust,2022-12-23,370
R0A,Manchester University NHS Foundation Trust,nhsTrust,2022-12-22,359
R0A,Manchester University NHS Foundation Trust,nhsTrust,2022-12-21,358
R0A,Manchester University NHS Foundation Trust,nhsTrust,2022-12-20,350
R0A,Manchester University NHS Foundation Trust,nhsTrust,2022-12-19,341
R0A,Manchester University NHS Foundation Trust,nhsTrust,2022-12-18,343
R0A,Manchester University NHS Foundation Trust,nhsTrust,2022-12-17,338
R0A,Manchester University NHS Foundation Trust,nhsTrust,2022-12-16,354
R0A,Manchester University NHS Foundation Trust,nhsTrust,2022-12-15,337
R0A,Manchester University NHS Foundation Trust,nhsTrust,2022-12-14,338
R0A,Manchester University NHS Foundation Trust,nhsTrust,2022-12-13,336
R0A,Manchester University NHS Foundation Trust,nhsTrust,2022-12-12,271
R0A,Manchester University NHS Foundation Trust,nhsTrust,2022-12-11,335
R0A,Manchester University NHS Foundation Trust,nhsTrust,2022-12-10,334
R0A,Manchester University NHS Foundation Trust,nhsTrust,2022-12-09,332
R0A,Manchester University NHS Foundation Trust,nhsTrust,2022-12-08,328
R0A,Manchester University NHS Foundation Trust,nhsTrust,2022-12-07,334
R0A,Manchester University NHS Foundation Trust,nhsTrust,2022-12-06,334
R0A,Manchester University NHS Foundation Trust,nhsTrust,2022-12-05,336
R0A,Manchester University NHS Foundation Trust,nhsTrust,2022-12-04,334
R0A,Manchester University NHS Foundation Trust,nhsTrust,2022-12-03,329
R0A,Manchester University NHS Foundation Trust,nhsTrust,2022-12-02,327
R0A,Manchester University NHS Foundation Trust,nhsTrust,2022-12-01,323
R0A,Manchester University NHS Foundation Trust,nhsTrust,2022-11-30,325
R0A,Manchester University NHS Foundation Trust,nhsTrust,2022-11-29,320
R0A,Manchester University NHS Foundation Trust,nhsTrust,2022-11-28,308
R0A,Manchester University NHS Foundation Trust,nhsTrust,2022-11-27,306
R0A,Manchester University NHS Foundation Trust,nhsTrust,2022-11-26,313
R0A,Manchester University NHS Foundation Trust,nhsTrust,2022-11-25,295
R0A,Manchester University NHS Foundation Trust,nhsTrust,2022-11-24,295
R0A,Manchester University NHS Foundation Trust,nhsTrust,2022-11-23,299
R0A,Manchester University NHS Foundation Trust,nhsTrust,2022-11-22,296
R0A,Manchester University NHS Foundation Trust,nhsTrust,2022-11-21,291
R0A,Manchester University NHS Foundation Trust,nhsTrust,2022-11-20,292
R0A,Manchester University NHS Foundation Trust,nhsTrust,2022-11-19,289
R0A,Manchester University NHS Foundation Trust,nhsTrust,2022-11-18,288
R0A,Manchester University NHS Foundation Trust,nhsTrust,2022-11-17,286
R0A,Manchester University NHS Foundation Trust,nhsTrust,2022-11-16,304
R0A,Manchester University NHS Foundation Trust,nhsTrust,2022-11-15,301
R0A,Manchester University NHS Foundation Trust,nhsTrust,2022-11-14,297
R0A,Manchester University NHS Foundation Trust,nhsTrust,2022-11-13,294
R0A,Manchester University NHS Foundation Trust,nhsTrust,2022-11-12,292
R0A,Manchester University NHS Foundation Trust,nhsTrust,2022-11-11,288
R0A,Manchester University NHS Foundation Trust,nhsTrust,2022-11-10,287
R0A,Manchester University NHS Foundation Trust,nhsTrust,2022-11-09,284
R0A,Manchester University NHS Foundation Trust,nhsTrust,2022-11-08,274
R0A,Manchester University NHS Foundation Trust,nhsTrust,2022-11-07,270
R0A,Manchester University NHS Foundation Trust,nhsTrust,2022-11-06,265
R0A,Manchester University NHS Foundation Trust,nhsTrust,2022-11-05,266
R0A,Manchester University NHS Foundation Trust,nhsTrust,2022-11-04,270
R0A,Manchester University NHS Foundation Trust,nhsTrust,2022-11-03,210
R0A,Manchester University NHS Foundation Trust,nhsTrust,2022-11-02,256
R0A,Manchester University NHS Foundation Trust,nhsTrust,2022-11-01,258
R0A,Manchester University NHS Foundation Trust,nhsTrust,2022-10-31,254
R0A,Manchester University NHS Foundation Trust,nhsTrust,2022-10-30,259
R0A,Manchester University NHS Foundation Trust,nhsTrust,2022-10-29,263
R0A,Manchester University NHS Foundation Trust,nhsTrust,2022-10-28,260
R0A,Manchester University NHS Foundation Trust,nhsTrust,2022-10-27,251
R0A,Manchester University NHS Foundation Trust,nhsTrust,2022-10-26,256
R0A,Manchester University NHS Foundation Trust,nhsTrust,2022-10-25,245
R0A,Manchester University NHS Foundation Trust,nhsTrust,2022-10-24,241
R0A,Manchester University NHS Foundation Trust,nhsTrust,2022-10-23,239
R0A,Manchester University NHS Foundation Trust,nhsTrust,2022-10-22,228
R0A,Manchester University NHS Foundation Trust,nhsTrust,2022-10-21,219
R0A,Manchester University NHS Foundation Trust,nhsTrust,2022-10-20,208
R0A,Manchester University NHS Foundation Trust,nhsTrust,2022-10-19,197
R0A,Manchester University NHS Foundation Trust,nhsTrust,2022-10-18,208
R0A,Manchester University NHS Foundation Trust,nhsTrust,2022-10-17,198
R0A,Manchester University NHS Foundation Trust,nhsTrust,2022-10-16,190
R0A,Manchester University NHS Foundation Trust,nhsTrust,2022-10-15,185
R0A,Manchester University NHS Foundation Trust,nhsTrust,2022-10-14,183
R0A,Manchester University NHS Foundation Trust,nhsTrust,2022-10-13,230
R0A,Manchester University NHS Foundation Trust,nhsTrust,2022-10-12,180
R0A,Manchester University NHS Foundation Trust,nhsTrust,2022-10-11,170
R0A,Manchester University NHS Foundation Trust,nhsTrust,2022-10-10,153
R0A,Manchester University NHS Foundation Trust,nhsTrust,2022-10-09,150
R0A,Manchester University NHS Foundation Trust,nhsTrust,2022-10-08,148
R0A,Manchester University NHS Foundation Trust,nhsTrust,2022-10-07,150
R0A,Manchester University NHS Foundation Trust,nhsTrust,2022-10-06,136
R0A,Manchester University NHS Foundation Trust,nhsTrust,2022-10-05,142
R0A,Manchester University NHS Foundation Trust,nhsTrust,2022-10-04,136
R0A,Manchester University NHS Foundation Trust,nhsTrust,2022-10-03,131
R0A,Manchester University NHS Foundation Trust,nhsTrust,2022-10-02,134
R0A,Manchester University NHS Foundation Trust,nhsTrust,2022-10-01,130
R0A,Manchester University NHS Foundation Trust,nhsTrust,2022-09-30,127
R0A,Manchester University NHS Foundation Trust,nhsTrust,2022-09-29,128
R0A,Manchester University NHS Foundation Trust,nhsTrust,2022-09-28,154
R0A,Manchester University NHS Foundation Trust,nhsTrust,2022-09-27,152
R0A,Manchester University NHS Foundation Trust,nhsTrust,2022-09-26,144
R0A,Manchester University NHS Foundation Trust,nhsTrust,2022-09-25,137
R0A,Manchester University NHS Foundation Trust,nhsTrust,2022-09-24,138
R0A,Manchester University NHS Foundation Trust,nhsTrust,2022-09-23,139
R0A,Manchester University NHS Foundation Trust,nhsTrust,2022-09-22,198
R0A,Manchester University NHS Foundation Trust,nhsTrust,2022-09-21,199
R0A,Manchester University NHS Foundation Trust,nhsTrust,2022-09-20,196
R0A,Manchester University NHS Foundation Trust,nhsTrust,2022-09-19,195
R0A,Manchester University NHS Foundation Trust,nhsTrust,2022-09-18,191
R0A,Manchester University NHS Foundation Trust,nhsTrust,2022-09-17,191
R0A,Manchester University NHS Foundation Trust,nhsTrust,2022-09-16,186
R0A,Manchester University NHS Foundation Trust,nhsTrust,2022-09-15,185
R0A,Manchester University NHS Foundation Trust,nhsTrust,2022-09-14,187
R0A,Manchester University NHS Foundation Trust,nhsTrust,2022-09-13,187
R0A,Manchester University NHS Foundation Trust,nhsTrust,2022-09-12,184
R0A,Manchester University NHS Foundation Trust,nhsTrust,2022-09-11,187
R0A,Manchester University NHS Foundation Trust,nhsTrust,2022-09-10,187
R0A,Manchester University NHS Foundation Trust,nhsTrust,2022-09-09,190
R0A,Manchester University NHS Foundation Trust,nhsTrust,2022-09-08,206
R0A,Manchester University NHS Foundation Trust,nhsTrust,2022-09-07,218
R0A,Manchester University NHS Foundation Trust,nhsTrust,2022-09-06,224
R0A,Manchester University NHS Foundation Trust,nhsTrust,2022-09-05,234
R0A,Manchester University NHS Foundation Trust,nhsTrust,2022-09-04,230
R0A,Manchester University NHS Foundation Trust,nhsTrust,2022-09-03,236
R0A,Manchester University NHS Foundation Trust,nhsTrust,2022-09-02,244
R0A,Manchester University NHS Foundation Trust,nhsTrust,2022-09-01,249
R0A,Manchester University NHS Foundation Trust,nhsTrust,2022-08-31,259
R0A,Manchester University NHS Foundation Trust,nhsTrust,2022-08-30,248
R0A,Manchester University NHS Foundation Trust,nhsTrust,2022-08-29,237
R0A,Manchester University NHS Foundation Trust,nhsTrust,2022-08-28,240
R0A,Manchester University NHS Foundation Trust,nhsTrust,2022-08-27,246
R0A,Manchester University NHS Foundation Trust,nhsTrust,2022-08-26,262
R0A,Manchester University NHS Foundation Trust,nhsTrust,2022-08-25,266
R0A,Manchester University NHS Foundation Trust,nhsTrust,2022-08-24,264
R0A,Manchester University NHS Foundation Trust,nhsTrust,2022-08-23,317
R0A,Manchester University NHS Foundation Trust,nhsTrust,2022-08-22,284
R0A,Manchester University NHS Foundation Trust,nhsTrust,2022-08-21,281
R0A,Manchester University NHS Foundation Trust,nhsTrust,2022-08-20,281
R0A,Manchester University NHS Foundation Trust,nhsTrust,2022-08-19,294
R0A,Manchester University NHS Foundation Trust,nhsTrust,2022-08-18,304
R0A,Manchester University NHS Foundation Trust,nhsTrust,2022-08-17,307
R0A,Manchester University NHS Foundation Trust,nhsTrust,2022-08-16,317
R0A,Manchester University NHS Foundation Trust,nhsTrust,2022-08-15,325
R0A,Manchester University NHS Foundation Trust,nhsTrust,2022-08-14,322
R0A,Manchester University NHS Foundation Trust,nhsTrust,2022-08-13,304
R0A,Manchester University NHS Foundation Trust,nhsTrust,2022-08-12,307
R0A,Manchester University NHS Foundation Trust,nhsTrust,2022-08-11,325
R0A,Manchester University NHS Foundation Trust,nhsTrust,2022-08-10,326
R0A,Manchester University NHS Foundation Trust,nhsTrust,2022-08-09,346
R0A,Manchester University NHS Foundation Trust,nhsTrust,2022-08-08,337
R0A,Manchester University NHS Foundation Trust,nhsTrust,2022-08-07,325
R0A,Manchester University NHS Foundation Trust,nhsTrust,2022-08-06,322
R0A,Manchester University NHS Foundation Trust,nhsTrust,2022-08-05,335
R0A,Manchester University NHS Foundation Trust,nhsTrust,2022-08-04,338
R0A,Manchester University NHS Foundation Trust,nhsTrust,2022-08-03,345
R0A,Manchester University NHS Foundation Trust,nhsTrust,2022-08-02,355
R0A,Manchester University NHS Foundation Trust,nhsTrust,2022-08-01,365
R0A,Manchester University NHS Foundation Trust,nhsTrust,2022-07-31,359
R0A,Manchester University NHS Foundation Trust,nhsTrust,2022-07-30,364
R0A,Manchester University NHS Foundation Trust,nhsTrust,2022-07-29,396
R0A,Manchester University NHS Foundation Trust,nhsTrust,2022-07-28,394
R0A,Manchester University NHS Foundation Trust,nhsTrust,2022-07-27,396
R0A,Manchester University NHS Foundation Trust,nhsTrust,2022-07-26,387
R0A,Manchester University NHS Foundation Trust,nhsTrust,2022-07-25,400
R0A,Manchester University NHS Foundation Trust,nhsTrust,2022-07-24,394
R0A,Manchester University NHS Foundation Trust,nhsTrust,2022-07-23,381
R0A,Manchester University NHS Foundation Trust,nhsTrust,2022-07-22,380
R0A,Manchester University NHS Foundation Trust,nhsTrust,2022-07-21,378
R0A,Manchester University NHS Foundation Trust,nhsTrust,2022-07-20,385
R0A,Manchester University NHS Foundation Trust,nhsTrust,2022-07-19,386
R0A,Manchester University NHS Foundation Trust,nhsTrust,2022-07-18,391
R0A,Manchester University NHS Foundation Trust,nhsTrust,2022-07-17,378
R0A,Manchester University NHS Foundation Trust,nhsTrust,2022-07-16,386
R0A,Manchester University NHS Foundation Trust,nhsTrust,2022-07-15,500
R0A,Manchester University NHS Foundation Trust,nhsTrust,2022-07-14,350
R0A,Manchester University NHS Foundation Trust,nhsTrust,2022-07-13,353
R0A,Manchester University NHS Foundation Trust,nhsTrust,2022-07-12,351
R0A,Manchester University NHS Foundation Trust,nhsTrust,2022-07-11,332
R0A,Manchester University NHS Foundation Trust,nhsTrust,2022-07-10,326
R0A,Manchester University NHS Foundation Trust,nhsTrust,2022-07-09,299
R0A,Manchester University NHS Foundation Trust,nhsTrust,2022-07-08,285
R0A,Manchester University NHS Foundation Trust,nhsTrust,2022-07-07,285
R0A,Manchester University NHS Foundation Trust,nhsTrust,2022-07-06,272
R0A,Manchester University NHS Foundation Trust,nhsTrust,2022-07-05,254
R0A,Manchester University NHS Foundation Trust,nhsTrust,2022-07-04,243
R0A,Manchester University NHS Foundation Trust,nhsTrust,2022-07-03,240
R0A,Manchester University NHS Foundation Trust,nhsTrust,2022-07-02,235
R0A,Manchester University NHS Foundation Trust,nhsTrust,2022-07-01,236
R0A,Manchester University NHS Foundation Trust,nhsTrust,2022-06-30,238
R0A,Manchester University NHS Foundation Trust,nhsTrust,2022-06-29,237
R0A,Manchester University NHS Foundation Trust,nhsTrust,2022-06-28,223
R0A,Manchester University NHS Foundation Trust,nhsTrust,2022-06-27,207
R0A,Manchester University NHS Foundation Trust,nhsTrust,2022-06-26,196
R0A,Manchester University NHS Foundation Trust,nhsTrust,2022-06-25,193
R0A,Manchester University NHS Foundation Trust,nhsTrust,2022-06-24,182
R0A,Manchester University NHS Foundation Trust,nhsTrust,2022-06-23,172
R0A,Manchester University NHS Foundation Trust,nhsTrust,2022-06-22,171
R0A,Manchester University NHS Foundation Trust,nhsTrust,2022-06-21,179
R0A,Manchester University NHS Foundation Trust,nhsTrust,2022-06-20,170
R0A,Manchester University NHS Foundation Trust,nhsTrust,2022-06-19,162
R0A,Manchester University NHS Foundation Trust,nhsTrust,2022-06-18,154
R0A,Manchester University NHS Foundation Trust,nhsTrust,2022-06-17,153
R0A,Manchester University NHS Foundation Trust,nhsTrust,2022-06-16,147
R0A,Manchester University NHS Foundation Trust,nhsTrust,2022-06-15,150
R0A,Manchester University NHS Foundation Trust,nhsTrust,2022-06-14,149
R0A,Manchester University NHS Foundation Trust,nhsTrust,2022-06-13,137
R0A,Manchester University NHS Foundation Trust,nhsTrust,2022-06-12,132
R0A,Manchester University NHS Foundation Trust,nhsTrust,2022-06-11,130
R0A,Manchester University NHS Foundation Trust,nhsTrust,2022-06-10,136
R0A,Manchester University NHS Foundation Trust,nhsTrust,2022-06-09,139
R0A,Manchester University NHS Foundation Trust,nhsTrust,2022-06-08,139
R0A,Manchester University NHS Foundation Trust,nhsTrust,2022-06-07,144
R0A,Manchester University NHS Foundation Trust,nhsTrust,2022-06-06,147
R0A,Manchester University NHS Foundation Trust,nhsTrust,2022-06-05,147
R0A,Manchester University NHS Foundation Trust,nhsTrust,2022-06-04,144
R0A,Manchester University NHS Foundation Trust,nhsTrust,2022-06-03,143
R0A,Manchester University NHS Foundation Trust,nhsTrust,2022-06-02,151
R0A,Manchester University NHS Foundation Trust,nhsTrust,2022-06-01,164
R0A,Manchester University NHS Foundation Trust,nhsTrust,2022-05-31,182
R0A,Manchester University NHS Foundation Trust,nhsTrust,2022-05-30,182
R0A,Manchester University NHS Foundation Trust,nhsTrust,2022-05-29,183
R0A,Manchester University NHS Foundation Trust,nhsTrust,2022-05-28,183
R0A,Manchester University NHS Foundation Trust,nhsTrust,2022-05-27,191
R0A,Manchester University NHS Foundation Trust,nhsTrust,2022-05-26,197
R0A,Manchester University NHS Foundation Trust,nhsTrust,2022-05-25,205
R0A,Manchester University NHS Foundation Trust,nhsTrust,2022-05-24,214
R0A,Manchester University NHS Foundation Trust,nhsTrust,2022-05-23,225
R0A,Manchester University NHS Foundation Trust,nhsTrust,2022-05-22,224
R0A,Manchester University NHS Foundation Trust,nhsTrust,2022-05-21,222
R0A,Manchester University NHS Foundation Trust,nhsTrust,2022-05-20,224
R0A,Manchester University NHS Foundation Trust,nhsTrust,2022-05-19,230
R0A,Manchester University NHS Foundation Trust,nhsTrust,2022-05-18,235
R0A,Manchester University NHS Foundation Trust,nhsTrust,2022-05-17,232
R0A,Manchester University NHS Foundation Trust,nhsTrust,2022-05-16,238
R0A,Manchester University NHS Foundation Trust,nhsTrust,2022-05-15,232
R0A,Manchester University NHS Foundation Trust,nhsTrust,2022-05-14,230
R0A,Manchester University NHS Foundation Trust,nhsTrust,2022-05-13,232
R0A,Manchester University NHS Foundation Trust,nhsTrust,2022-05-12,235
R0A,Manchester University NHS Foundation Trust,nhsTrust,2022-05-11,249
R0A,Manchester University NHS Foundation Trust,nhsTrust,2022-05-10,264
R0A,Manchester University NHS Foundation Trust,nhsTrust,2022-05-09,278
R0A,Manchester University NHS Foundation Trust,nhsTrust,2022-05-08,273
R0A,Manchester University NHS Foundation Trust,nhsTrust,2022-05-07,267
R0A,Manchester University NHS Foundation Trust,nhsTrust,2022-05-06,280
R0A,Manchester University NHS Foundation Trust,nhsTrust,2022-05-05,286
R0A,Manchester University NHS Foundation Trust,nhsTrust,2022-05-04,289
R0A,Manchester University NHS Foundation Trust,nhsTrust,2022-05-03,297
R0A,Manchester University NHS Foundation Trust,nhsTrust,2022-05-02,297
R0A,Manchester University NHS Foundation Trust,nhsTrust,2022-05-01,295
R0A,Manchester University NHS Foundation Trust,nhsTrust,2022-04-30,289
R0A,Manchester University NHS Foundation Trust,nhsTrust,2022-04-29,312
R0A,Manchester University NHS Foundation Trust,nhsTrust,2022-04-28,324
R0A,Manchester University NHS Foundation Trust,nhsTrust,2022-04-27,354
R0A,Manchester University NHS Foundation Trust,nhsTrust,2022-04-26,353
R0A,Manchester University NHS Foundation Trust,nhsTrust,2022-04-25,361
R0A,Manchester University NHS Foundation Trust,nhsTrust,2022-04-24,350
R0A,Manchester University NHS Foundation Trust,nhsTrust,2022-04-23,338
R0A,Manchester University NHS Foundation Trust,nhsTrust,2022-04-22,359
R0A,Manchester University NHS Foundation Trust,nhsTrust,2022-04-21,381
R0A,Manchester University NHS Foundation Trust,nhsTrust,2022-04-20,392
R0A,Manchester University NHS Foundation Trust,nhsTrust,2022-04-19,424
R0A,Manchester University NHS Foundation Trust,nhsTrust,2022-04-18,415
R0A,Manchester University NHS Foundation Trust,nhsTrust,2022-04-17,399
R0A,Manchester University NHS Foundation Trust,nhsTrust,2022-04-16,393
R0A,Manchester University NHS Foundation Trust,nhsTrust,2022-04-15,381
R0A,Manchester University NHS Foundation Trust,nhsTrust,2022-04-14,377
R0A,Manchester University NHS Foundation Trust,nhsTrust,2022-04-13,385
R0A,Manchester University NHS Foundation Trust,nhsTrust,2022-04-12,391
R0A,Manchester University NHS Foundation Trust,nhsTrust,2022-04-11,388
R0A,Manchester University NHS Foundation Trust,nhsTrust,2022-04-10,384
R0A,Manchester University NHS Foundation Trust,nhsTrust,2022-04-09,369
R0A,Manchester University NHS Foundation Trust,nhsTrust,2022-04-08,379
R0A,Manchester University NHS Foundation Trust,nhsTrust,2022-04-07,381
R0A,Manchester University NHS Foundation Trust,nhsTrust,2022-04-06,370
R0A,Manchester University NHS Foundation Trust,nhsTrust,2022-04-05,364
R0A,Manchester University NHS Foundation Trust,nhsTrust,2022-04-04,357
R0A,Manchester University NHS Foundation Trust,nhsTrust,2022-04-03,352
R0A,Manchester University NHS Foundation Trust,nhsTrust,2022-04-02,349
R0A,Manchester University NHS Foundation Trust,nhsTrust,2022-04-01,365
R0A,Manchester University NHS Foundation Trust,nhsTrust,2022-03-31,348
R0A,Manchester University NHS Foundation Trust,nhsTrust,2022-03-30,322
R0A,Manchester University NHS Foundation Trust,nhsTrust,2022-03-29,324
R0A,Manchester University NHS Foundation Trust,nhsTrust,2022-03-28,312
R0A,Manchester University NHS Foundation Trust,nhsTrust,2022-03-27,295
R0A,Manchester University NHS Foundation Trust,nhsTrust,2022-03-26,275
R0A,Manchester University NHS Foundation Trust,nhsTrust,2022-03-25,283
R0A,Manchester University NHS Foundation Trust,nhsTrust,2022-03-24,284
R0A,Manchester University NHS Foundation Trust,nhsTrust,2022-03-23,268
R0A,Manchester University NHS Foundation Trust,nhsTrust,2022-03-22,260
R0A,Manchester University NHS Foundation Trust,nhsTrust,2022-03-21,259
R0A,Manchester University NHS Foundation Trust,nhsTrust,2022-03-20,249
R0A,Manchester University NHS Foundation Trust,nhsTrust,2022-03-19,238
R0A,Manchester University NHS Foundation Trust,nhsTrust,2022-03-18,222
R0A,Manchester University NHS Foundation Trust,nhsTrust,2022-03-17,226
R0A,Manchester University NHS Foundation Trust,nhsTrust,2022-03-16,229
R0A,Manchester University NHS Foundation Trust,nhsTrust,2022-03-15,225
R0A,Manchester University NHS Foundation Trust,nhsTrust,2022-03-14,234
R0A,Manchester University NHS Foundation Trust,nhsTrust,2022-03-13,220
R0A,Manchester University NHS Foundation Trust,nhsTrust,2022-03-12,206
R0A,Manchester University NHS Foundation Trust,nhsTrust,2022-03-11,207
R0A,Manchester University NHS Foundation Trust,nhsTrust,2022-03-10,203
R0A,Manchester University NHS Foundation Trust,nhsTrust,2022-03-09,200
R0A,Manchester University NHS Foundation Trust,nhsTrust,2022-03-08,212
R0A,Manchester University NHS Foundation Trust,nhsTrust,2022-03-07,219
R0A,Manchester University NHS Foundation Trust,nhsTrust,2022-03-06,211
R0A,Manchester University NHS Foundation Trust,nhsTrust,2022-03-05,221
R0A,Manchester University NHS Foundation Trust,nhsTrust,2022-03-04,216
R0A,Manchester University NHS Foundation Trust,nhsTrust,2022-03-03,220
R0A,Manchester University NHS Foundation Trust,nhsTrust,2022-03-02,234
R0A,Manchester University NHS Foundation Trust,nhsTrust,2022-03-01,236
R0A,Manchester University NHS Foundation Trust,nhsTrust,2022-02-28,233
R0A,Manchester University NHS Foundation Trust,nhsTrust,2022-02-27,227
R0A,Manchester University NHS Foundation Trust,nhsTrust,2022-02-26,222
R0A,Manchester University NHS Foundation Trust,nhsTrust,2022-02-25,230
R0A,Manchester University NHS Foundation Trust,nhsTrust,2022-02-24,240
R0A,Manchester University NHS Foundation Trust,nhsTrust,2022-02-23,239
R0A,Manchester University NHS Foundation Trust,nhsTrust,2022-02-22,244
R0A,Manchester University NHS Foundation Trust,nhsTrust,2022-02-21,248
R0A,Manchester University NHS Foundation Trust,nhsTrust,2022-02-20,249
R0A,Manchester University NHS Foundation Trust,nhsTrust,2022-02-19,236
R0A,Manchester University NHS Foundation Trust,nhsTrust,2022-02-18,249
R0A,Manchester University NHS Foundation Trust,nhsTrust,2022-02-17,244
R0A,Manchester University NHS Foundation Trust,nhsTrust,2022-02-16,254
R0A,Manchester University NHS Foundation Trust,nhsTrust,2022-02-15,267
R0A,Manchester University NHS Foundation Trust,nhsTrust,2022-02-14,281
R0A,Manchester University NHS Foundation Trust,nhsTrust,2022-02-13,277
R0A,Manchester University NHS Foundation Trust,nhsTrust,2022-02-12,276
R0A,Manchester University NHS Foundation Trust,nhsTrust,2022-02-11,277
R0A,Manchester University NHS Foundation Trust,nhsTrust,2022-02-10,283
R0A,Manchester University NHS Foundation Trust,nhsTrust,2022-02-09,298
R0A,Manchester University NHS Foundation Trust,nhsTrust,2022-02-08,308
R0A,Manchester University NHS Foundation Trust,nhsTrust,2022-02-07,314
R0A,Manchester University NHS Foundation Trust,nhsTrust,2022-02-06,310
R0A,Manchester University NHS Foundation Trust,nhsTrust,2022-02-05,308
R0A,Manchester University NHS Foundation Trust,nhsTrust,2022-02-04,329
R0A,Manchester University NHS Foundation Trust,nhsTrust,2022-02-03,347
R0A,Manchester University NHS Foundation Trust,nhsTrust,2022-02-02,351
R0A,Manchester University NHS Foundation Trust,nhsTrust,2022-02-01,362
R0A,Manchester University NHS Foundation Trust,nhsTrust,2022-01-31,371
R0A,Manchester University NHS Foundation Trust,nhsTrust,2022-01-30,371
R0A,Manchester University NHS Foundation Trust,nhsTrust,2022-01-29,373
R0A,Manchester University NHS Foundation Trust,nhsTrust,2022-01-28,393
R0A,Manchester University NHS Foundation Trust,nhsTrust,2022-01-27,390
R0A,Manchester University NHS Foundation Trust,nhsTrust,2022-01-26,401
R0A,Manchester University NHS Foundation Trust,nhsTrust,2022-01-25,402
R0A,Manchester University NHS Foundation Trust,nhsTrust,2022-01-24,398
R0A,Manchester University NHS Foundation Trust,nhsTrust,2022-01-23,403
R0A,Manchester University NHS Foundation Trust,nhsTrust,2022-01-22,396
R0A,Manchester University NHS Foundation Trust,nhsTrust,2022-01-21,418
R0A,Manchester University NHS Foundation Trust,nhsTrust,2022-01-20,427
R0A,Manchester University NHS Foundation Trust,nhsTrust,2022-01-19,447
R0A,Manchester University NHS Foundation Trust,nhsTrust,2022-01-18,455
R0A,Manchester University NHS Foundation Trust,nhsTrust,2022-01-17,469
R0A,Manchester University NHS Foundation Trust,nhsTrust,2022-01-16,448
R0A,Manchester University NHS Foundation Trust,nhsTrust,2022-01-15,443
R0A,Manchester University NHS Foundation Trust,nhsTrust,2022-01-14,442
R0A,Manchester University NHS Foundation Trust,nhsTrust,2022-01-13,464
R0A,Manchester University NHS Foundation Trust,nhsTrust,2022-01-12,485
R0A,Manchester University NHS Foundation Trust,nhsTrust,2022-01-11,489
R0A,Manchester University NHS Foundation Trust,nhsTrust,2022-01-10,485
R0A,Manchester University NHS Foundation Trust,nhsTrust,2022-01-09,441
R0A,Manchester University NHS Foundation Trust,nhsTrust,2022-01-08,433
R0A,Manchester University NHS Foundation Trust,nhsTrust,2022-01-07,439
R0A,Manchester University NHS Foundation Trust,nhsTrust,2022-01-06,425
R0A,Manchester University NHS Foundation Trust,nhsTrust,2022-01-05,412
R0A,Manchester University NHS Foundation Trust,nhsTrust,2022-01-04,390
R0A,Manchester University NHS Foundation Trust,nhsTrust,2022-01-03,354
R0A,Manchester University NHS Foundation Trust,nhsTrust,2022-01-02,303
R0A,Manchester University NHS Foundation Trust,nhsTrust,2022-01-01,300
R0A,Manchester University NHS Foundation Trust,nhsTrust,2021-12-31,286
R0A,Manchester University NHS Foundation Trust,nhsTrust,2021-12-30,241
R0A,Manchester University NHS Foundation Trust,nhsTrust,2021-12-29,231
R0A,Manchester University NHS Foundation Trust,nhsTrust,2021-12-28,210
R0A,Manchester University NHS Foundation Trust,nhsTrust,2021-12-27,175
R0A,Manchester University NHS Foundation Trust,nhsTrust,2021-12-26,159
R0A,Manchester University NHS Foundation Trust,nhsTrust,2021-12-25,152
R0A,Manchester University NHS Foundation Trust,nhsTrust,2021-12-24,152
R0A,Manchester University NHS Foundation Trust,nhsTrust,2021-12-23,141
R0A,Manchester University NHS Foundation Trust,nhsTrust,2021-12-22,149
R0A,Manchester University NHS Foundation Trust,nhsTrust,2021-12-21,147
R0A,Manchester University NHS Foundation Trust,nhsTrust,2021-12-20,139
R0A,Manchester University NHS Foundation Trust,nhsTrust,2021-12-19,132
R0A,Manchester University NHS Foundation Trust,nhsTrust,2021-12-18,126
R0A,Manchester University NHS Foundation Trust,nhsTrust,2021-12-17,131
R0A,Manchester University NHS Foundation Trust,nhsTrust,2021-12-16,135
R0A,Manchester University NHS Foundation Trust,nhsTrust,2021-12-15,135
R0A,Manchester University NHS Foundation Trust,nhsTrust,2021-12-14,137
R0A,Manchester University NHS Foundation Trust,nhsTrust,2021-12-13,135
R0A,Manchester University NHS Foundation Trust,nhsTrust,2021-12-12,127
R0A,Manchester University NHS Foundation Trust,nhsTrust,2021-12-11,120
R0A,Manchester University NHS Foundation Trust,nhsTrust,2021-12-10,124
R0A,Manchester University NHS Foundation Trust,nhsTrust,2021-12-09,119
R0A,Manchester University NHS Foundation Trust,nhsTrust,2021-12-08,105
R0A,Manchester University NHS Foundation Trust,nhsTrust,2021-12-07,111
R0A,Manchester University NHS Foundation Trust,nhsTrust,2021-12-06,106
R0A,Manchester University NHS Foundation Trust,nhsTrust,2021-12-05,99
R0A,Manchester University NHS Foundation Trust,nhsTrust,2021-12-04,96
R0A,Manchester University NHS Foundation Trust,nhsTrust,2021-12-03,106
R0A,Manchester University NHS Foundation Trust,nhsTrust,2021-12-02,107
R0A,Manchester University NHS Foundation Trust,nhsTrust,2021-12-01,113
R0A,Manchester University NHS Foundation Trust,nhsTrust,2021-11-30,108
R0A,Manchester University NHS Foundation Trust,nhsTrust,2021-11-29,108
R0A,Manchester University NHS Foundation Trust,nhsTrust,2021-11-28,111
R0A,Manchester University NHS Foundation Trust,nhsTrust,2021-11-27,110
R0A,Manchester University NHS Foundation Trust,nhsTrust,2021-11-26,111
R0A,Manchester University NHS Foundation Trust,nhsTrust,2021-11-25,113
R0A,Manchester University NHS Foundation Trust,nhsTrust,2021-11-24,122
R0A,Manchester University NHS Foundation Trust,nhsTrust,2021-11-23,123
R0A,Manchester University NHS Foundation Trust,nhsTrust,2021-11-22,129
R0A,Manchester University NHS Foundation Trust,nhsTrust,2021-11-21,131
R0A,Manchester University NHS Foundation Trust,nhsTrust,2021-11-20,120
R0A,Manchester University NHS Foundation Trust,nhsTrust,2021-11-19,120
R0A,Manchester University NHS Foundation Trust,nhsTrust,2021-11-18,127
R0A,Manchester University NHS Foundation Trust,nhsTrust,2021-11-17,128
R0A,Manchester University NHS Foundation Trust,nhsTrust,2021-11-16,124
R0A,Manchester University NHS Foundation Trust,nhsTrust,2021-11-15,140
R0A,Manchester University NHS Foundation Trust,nhsTrust,2021-11-14,139
R0A,Manchester University NHS Foundation Trust,nhsTrust,2021-11-13,135
R0A,Manchester University NHS Foundation Trust,nhsTrust,2021-11-12,140
R0A,Manchester University NHS Foundation Trust,nhsTrust,2021-11-11,149
R0A,Manchester University NHS Foundation Trust,nhsTrust,2021-11-10,151
R0A,Manchester University NHS Foundation Trust,nhsTrust,2021-11-09,160
R0A,Manchester University NHS Foundation Trust,nhsTrust,2021-11-08,160
R0A,Manchester University NHS Foundation Trust,nhsTrust,2021-11-07,157
R0A,Manchester University NHS Foundation Trust,nhsTrust,2021-11-06,159
R0A,Manchester University NHS Foundation Trust,nhsTrust,2021-11-05,155
R0A,Manchester University NHS Foundation Trust,nhsTrust,2021-11-04,154
R0A,Manchester University NHS Foundation Trust,nhsTrust,2021-11-03,156
R0A,Manchester University NHS Foundation Trust,nhsTrust,2021-11-02,167
R0A,Manchester University NHS Foundation Trust,nhsTrust,2021-11-01,176
R0A,Manchester University NHS Foundation Trust,nhsTrust,2021-10-31,166
R0A,Manchester University NHS Foundation Trust,nhsTrust,2021-10-30,155
R0A,Manchester University NHS Foundation Trust,nhsTrust,2021-10-29,158
R0A,Manchester University NHS Foundation Trust,nhsTrust,2021-10-28,158
R0A,Manchester University NHS Foundation Trust,nhsTrust,2021-10-27,158
R0A,Manchester University NHS Foundation Trust,nhsTrust,2021-10-26,161
R0A,Manchester University NHS Foundation Trust,nhsTrust,2021-10-25,164
R0A,Manchester University NHS Foundation Trust,nhsTrust,2021-10-24,159
R0A,Manchester University NHS Foundation Trust,nhsTrust,2021-10-23,159
R0A,Manchester University NHS Foundation Trust,nhsTrust,2021-10-22,150
R0A,Manchester University NHS Foundation Trust,nhsTrust,2021-10-21,146
R0A,Manchester University NHS Foundation Trust,nhsTrust,2021-10-20,143
R0A,Manchester University NHS Foundation Trust,nhsTrust,2021-10-19,151
R0A,Manchester University NHS Foundation Trust,nhsTrust,2021-10-18,141
R0A,Manchester University NHS Foundation Trust,nhsTrust,2021-10-17,141
R0A,Manchester University NHS Foundation Trust,nhsTrust,2021-10-16,129
R0A,Manchester University NHS Foundation Trust,nhsTrust,2021-10-15,133
R0A,Manchester University NHS Foundation Trust,nhsTrust,2021-10-14,138
R0A,Manchester University NHS Foundation Trust,nhsTrust,2021-10-13,137
R0A,Manchester University NHS Foundation Trust,nhsTrust,2021-10-12,139
R0A,Manchester University NHS Foundation Trust,nhsTrust,2021-10-11,139
R0A,Manchester University NHS Foundation Trust,nhsTrust,2021-10-10,126
R0A,Manchester University NHS Foundation Trust,nhsTrust,2021-10-09,120
R0A,Manchester University NHS Foundation Trust,nhsTrust,2021-10-08,129
R0A,Manchester University NHS Foundation Trust,nhsTrust,2021-10-07,132
R0A,Manchester University NHS Foundation Trust,nhsTrust,2021-10-06,134
R0A,Manchester University NHS Foundation Trust,nhsTrust,2021-10-05,138
R0A,Manchester University NHS Foundation Trust,nhsTrust,2021-10-04,138
R0A,Manchester University NHS Foundation Trust,nhsTrust,2021-10-03,127
R0A,Manchester University NHS Foundation Trust,nhsTrust,2021-10-02,123
R0A,Manchester University NHS Foundation Trust,nhsTrust,2021-10-01,122
R0A,Manchester University NHS Foundation Trust,nhsTrust,2021-09-30,126
R0A,Manchester University NHS Foundation Trust,nhsTrust,2021-09-29,139
R0A,Manchester University NHS Foundation Trust,nhsTrust,2021-09-28,139
R0A,Manchester University NHS Foundation Trust,nhsTrust,2021-09-27,140
R0A,Manchester University NHS Foundation Trust,nhsTrust,2021-09-26,137
R0A,Manchester University NHS Foundation Trust,nhsTrust,2021-09-25,139
R0A,Manchester University NHS Foundation Trust,nhsTrust,2021-09-24,141
R0A,Manchester University NHS Foundation Trust,nhsTrust,2021-09-23,147
R0A,Manchester University NHS Foundation Trust,nhsTrust,2021-09-22,152
R0A,Manchester University NHS Foundation Trust,nhsTrust,2021-09-21,149
R0A,Manchester University NHS Foundation Trust,nhsTrust,2021-09-20,155
R0A,Manchester University NHS Foundation Trust,nhsTrust,2021-09-19,146
R0A,Manchester University NHS Foundation Trust,nhsTrust,2021-09-18,150
R0A,Manchester University NHS Foundation Trust,nhsTrust,2021-09-17,146
R0A,Manchester University NHS Foundation Trust,nhsTrust,2021-09-16,140
R0A,Manchester University NHS Foundation Trust,nhsTrust,2021-09-15,140
R0A,Manchester University NHS Foundation Trust,nhsTrust,2021-09-14,142
R0A,Manchester University NHS Foundation Trust,nhsTrust,2021-09-13,142
R0A,Manchester University NHS Foundation Trust,nhsTrust,2021-09-12,139
R0A,Manchester University NHS Foundation Trust,nhsTrust,2021-09-11,141
R0A,Manchester University NHS Foundation Trust,nhsTrust,2021-09-10,150
R0A,Manchester University NHS Foundation Trust,nhsTrust,2021-09-09,143
R0A,Manchester University NHS Foundation Trust,nhsTrust,2021-09-08,148
R0A,Manchester University NHS Foundation Trust,nhsTrust,2021-09-07,142
R0A,Manchester University NHS Foundation Trust,nhsTrust,2021-09-06,146
R0A,Manchester University NHS Foundation Trust,nhsTrust,2021-09-05,145
R0A,Manchester University NHS Foundation Trust,nhsTrust,2021-09-04,146
R0A,Manchester University NHS Foundation Trust,nhsTrust,2021-09-03,150
R0A,Manchester University NHS Foundation Trust,nhsTrust,2021-09-02,149
R0A,Manchester University NHS Foundation Trust,nhsTrust,2021-09-01,150
R0A,Manchester University NHS Foundation Trust,nhsTrust,2021-08-31,160
R0A,Manchester University NHS Foundation Trust,nhsTrust,2021-08-30,150
R0A,Manchester University NHS Foundation Trust,nhsTrust,2021-08-29,151
R0A,Manchester University NHS Foundation Trust,nhsTrust,2021-08-28,144
R0A,Manchester University NHS Foundation Trust,nhsTrust,2021-08-27,143
R0A,Manchester University NHS Foundation Trust,nhsTrust,2021-08-26,148
R0A,Manchester University NHS Foundation Trust,nhsTrust,2021-08-25,156
R0A,Manchester University NHS Foundation Trust,nhsTrust,2021-08-24,159
R0A,Manchester University NHS Foundation Trust,nhsTrust,2021-08-23,172
R0A,Manchester University NHS Foundation Trust,nhsTrust,2021-08-22,161
R0A,Manchester University NHS Foundation Trust,nhsTrust,2021-08-21,159
R0A,Manchester University NHS Foundation Trust,nhsTrust,2021-08-20,153
R0A,Manchester University NHS Foundation Trust,nhsTrust,2021-08-19,153
R0A,Manchester University NHS Foundation Trust,nhsTrust,2021-08-18,146
R0A,Manchester University NHS Foundation Trust,nhsTrust,2021-08-17,141
R0A,Manchester University NHS Foundation Trust,nhsTrust,2021-08-16,142
R0A,Manchester University NHS Foundation Trust,nhsTrust,2021-08-15,136
R0A,Manchester University NHS Foundation Trust,nhsTrust,2021-08-14,133
R0A,Manchester University NHS Foundation Trust,nhsTrust,2021-08-13,143
R0A,Manchester University NHS Foundation Trust,nhsTrust,2021-08-12,139
R0A,Manchester University NHS Foundation Trust,nhsTrust,2021-08-11,142
R0A,Manchester University NHS Foundation Trust,nhsTrust,2021-08-10,153
R0A,Manchester University NHS Foundation Trust,nhsTrust,2021-08-09,160
R0A,Manchester University NHS Foundation Trust,nhsTrust,2021-08-08,144
R0A,Manchester University NHS Foundation Trust,nhsTrust,2021-08-07,141
R0A,Manchester University NHS Foundation Trust,nhsTrust,2021-08-06,145
R0A,Manchester University NHS Foundation Trust,nhsTrust,2021-08-05,151
R0A,Manchester University NHS Foundation Trust,nhsTrust,2021-08-04,151
R0A,Manchester University NHS Foundation Trust,nhsTrust,2021-08-03,150
R0A,Manchester University NHS Foundation Trust,nhsTrust,2021-08-02,144
R0A,Manchester University NHS Foundation Trust,nhsTrust,2021-08-01,143
R0A,Manchester University NHS Foundation Trust,nhsTrust,2021-07-31,141
R0A,Manchester University NHS Foundation Trust,nhsTrust,2021-07-30,154
R0A,Manchester University NHS Foundation Trust,nhsTrust,2021-07-29,144
R0A,Manchester University NHS Foundation Trust,nhsTrust,2021-07-28,143
R0A,Manchester University NHS Foundation Trust,nhsTrust,2021-07-27,142
R0A,Manchester University NHS Foundation Trust,nhsTrust,2021-07-26,139
R0A,Manchester University NHS Foundation Trust,nhsTrust,2021-07-25,146
R0A,Manchester University NHS Foundation Trust,nhsTrust,2021-07-24,145
R0A,Manchester University NHS Foundation Trust,nhsTrust,2021-07-23,142
R0A,Manchester University NHS Foundation Trust,nhsTrust,2021-07-22,140
R0A,Manchester University NHS Foundation Trust,nhsTrust,2021-07-21,139
R0A,Manchester University NHS Foundation Trust,nhsTrust,2021-07-20,139
R0A,Manchester University NHS Foundation Trust,nhsTrust,2021-07-19,131
R0A,Manchester University NHS Foundation Trust,nhsTrust,2021-07-18,130
R0A,Manchester University NHS Foundation Trust,nhsTrust,2021-07-17,131
R0A,Manchester University NHS Foundation Trust,nhsTrust,2021-07-16,141
R0A,Manchester University NHS Foundation Trust,nhsTrust,2021-07-15,144
R0A,Manchester University NHS Foundation Trust,nhsTrust,2021-07-14,138
R0A,Manchester University NHS Foundation Trust,nhsTrust,2021-07-13,146
R0A,Manchester University NHS Foundation Trust,nhsTrust,2021-07-12,143
R0A,Manchester University NHS Foundation Trust,nhsTrust,2021-07-11,130
R0A,Manchester University NHS Foundation Trust,nhsTrust,2021-07-10,122
R0A,Manchester University NHS Foundation Trust,nhsTrust,2021-07-09,125
R0A,Manchester University NHS Foundation Trust,nhsTrust,2021-07-08,118
R0A,Manchester University NHS Foundation Trust,nhsTrust,2021-07-07,111
R0A,Manchester University NHS Foundation Trust,nhsTrust,2021-07-06,116
R0A,Manchester University NHS Foundation Trust,nhsTrust,2021-07-05,114
R0A,Manchester University NHS Foundation Trust,nhsTrust,2021-07-04,111
R0A,Manchester University NHS Foundation Trust,nhsTrust,2021-07-03,102
R0A,Manchester University NHS Foundation Trust,nhsTrust,2021-07-02,99
R0A,Manchester University NHS Foundation Trust,nhsTrust,2021-07-01,101
R0A,Manchester University NHS Foundation Trust,nhsTrust,2021-06-30,109
R0A,Manchester University NHS Foundation Trust,nhsTrust,2021-06-29,111
R0A,Manchester University NHS Foundation Trust,nhsTrust,2021-06-28,111
R0A,Manchester University NHS Foundation Trust,nhsTrust,2021-06-27,104
R0A,Manchester University NHS Foundation Trust,nhsTrust,2021-06-26,104
R0A,Manchester University NHS Foundation Trust,nhsTrust,2021-06-25,98
R0A,Manchester University NHS Foundation Trust,nhsTrust,2021-06-24,96
R0A,Manchester University NHS Foundation Trust,nhsTrust,2021-06-23,98
R0A,Manchester University NHS Foundation Trust,nhsTrust,2021-06-22,95
R0A,Manchester University NHS Foundation Trust,nhsTrust,2021-06-21,87
R0A,Manchester University NHS Foundation Trust,nhsTrust,2021-06-20,84
R0A,Manchester University NHS Foundation Trust,nhsTrust,2021-06-19,84
R0A,Manchester University NHS Foundation Trust,nhsTrust,2021-06-18,84
R0A,Manchester University NHS Foundation Trust,nhsTrust,2021-06-17,80
R0A,Manchester University NHS Foundation Trust,nhsTrust,2021-06-16,81
R0A,Manchester University NHS Foundation Trust,nhsTrust,2021-06-15,64
R0A,Manchester University NHS Foundation Trust,nhsTrust,2021-06-14,58
R0A,Manchester University NHS Foundation Trust,nhsTrust,2021-06-13,57
R0A,Manchester University NHS Foundation Trust,nhsTrust,2021-06-12,45
R0A,Manchester University NHS Foundation Trust,nhsTrust,2021-06-11,52
R0A,Manchester University NHS Foundation Trust,nhsTrust,2021-06-10,48
R0A,Manchester University NHS Foundation Trust,nhsTrust,2021-06-09,44
R0A,Manchester University NHS Foundation Trust,nhsTrust,2021-06-08,44
R0A,Manchester University NHS Foundation Trust,nhsTrust,2021-06-07,49
R0A,Manchester University NHS Foundation Trust,nhsTrust,2021-06-06,44
R0A,Manchester University NHS Foundation Trust,nhsTrust,2021-06-05,36
R0A,Manchester University NHS Foundation Trust,nhsTrust,2021-06-04,27
R0A,Manchester University NHS Foundation Trust,nhsTrust,2021-06-03,27
R0A,Manchester University NHS Foundation Trust,nhsTrust,2021-06-02,28
R0A,Manchester University NHS Foundation Trust,nhsTrust,2021-06-01,28
R0A,Manchester University NHS Foundation Trust,nhsTrust,2021-05-31,27
R0A,Manchester University NHS Foundation Trust,nhsTrust,2021-05-30,23
R0A,Manchester University NHS Foundation Trust,nhsTrust,2021-05-29,23
R0A,Manchester University NHS Foundation Trust,nhsTrust,2021-05-28,21
R0A,Manchester University NHS Foundation Trust,nhsTrust,2021-05-27,26
R0A,Manchester University NHS Foundation Trust,nhsTrust,2021-05-26,28
R0A,Manchester University NHS Foundation Trust,nhsTrust,2021-05-25,32
R0A,Manchester University NHS Foundation Trust,nhsTrust,2021-05-24,25
R0A,Manchester University NHS Foundation Trust,nhsTrust,2021-05-23,22
R0A,Manchester University NHS Foundation Trust,nhsTrust,2021-05-22,24
R0A,Manchester University NHS Foundation Trust,nhsTrust,2021-05-21,27
R0A,Manchester University NHS Foundation Trust,nhsTrust,2021-05-20,28
R0A,Manchester University NHS Foundation Trust,nhsTrust,2021-05-19,30
R0A,Manchester University NHS Foundation Trust,nhsTrust,2021-05-18,28
R0A,Manchester University NHS Foundation Trust,nhsTrust,2021-05-17,27
R0A,Manchester University NHS Foundation Trust,nhsTrust,2021-05-16,27
R0A,Manchester University NHS Foundation Trust,nhsTrust,2021-05-15,27
R0A,Manchester University NHS Foundation Trust,nhsTrust,2021-05-14,27
R0A,Manchester University NHS Foundation Trust,nhsTrust,2021-05-13,24
R0A,Manchester University NHS Foundation Trust,nhsTrust,2021-05-12,34
R0A,Manchester University NHS Foundation Trust,nhsTrust,2021-05-11,29
R0A,Manchester University NHS Foundation Trust,nhsTrust,2021-05-10,27
R0A,Manchester University NHS Foundation Trust,nhsTrust,2021-05-09,26
R0A,Manchester University NHS Foundation Trust,nhsTrust,2021-05-08,27
R0A,Manchester University NHS Foundation Trust,nhsTrust,2021-05-07,25
R0A,Manchester University NHS Foundation Trust,nhsTrust,2021-05-06,26
R0A,Manchester University NHS Foundation Trust,nhsTrust,2021-05-05,29
R0A,Manchester University NHS Foundation Trust,nhsTrust,2021-05-04,47
R0A,Manchester University NHS Foundation Trust,nhsTrust,2021-05-03,30
R0A,Manchester University NHS Foundation Trust,nhsTrust,2021-05-02,31
R0A,Manchester University NHS Foundation Trust,nhsTrust,2021-05-01,32
R0A,Manchester University NHS Foundation Trust,nhsTrust,2021-04-30,34
R0A,Manchester University NHS Foundation Trust,nhsTrust,2021-04-29,37
R0A,Manchester University NHS Foundation Trust,nhsTrust,2021-04-28,39
R0A,Manchester University NHS Foundation Trust,nhsTrust,2021-04-27,43
R0A,Manchester University NHS Foundation Trust,nhsTrust,2021-04-26,47
R0A,Manchester University NHS Foundation Trust,nhsTrust,2021-04-25,47
R0A,Manchester University NHS Foundation Trust,nhsTrust,2021-04-24,48
R0A,Manchester University NHS Foundation Trust,nhsTrust,2021-04-23,50
R0A,Manchester University NHS Foundation Trust,nhsTrust,2021-04-22,53
R0A,Manchester University NHS Foundation Trust,nhsTrust,2021-04-21,58
R0A,Manchester University NHS Foundation Trust,nhsTrust,2021-04-20,66
R0A,Manchester University NHS Foundation Trust,nhsTrust,2021-04-19,71
R0A,Manchester University NHS Foundation Trust,nhsTrust,2021-04-18,72
R0A,Manchester University NHS Foundation Trust,nhsTrust,2021-04-17,70
R0A,Manchester University NHS Foundation Trust,nhsTrust,2021-04-16,75
R0A,Manchester University NHS Foundation Trust,nhsTrust,2021-04-15,82
R0A,Manchester University NHS Foundation Trust,nhsTrust,2021-04-14,91
R0A,Manchester University NHS Foundation Trust,nhsTrust,2021-04-13,94
R0A,Manchester University NHS Foundation Trust,nhsTrust,2021-04-12,97
R0A,Manchester University NHS Foundation Trust,nhsTrust,2021-04-11,97
R0A,Manchester University NHS Foundation Trust,nhsTrust,2021-04-10,100
R0A,Manchester University NHS Foundation Trust,nhsTrust,2021-04-09,101
R0A,Manchester University NHS Foundation Trust,nhsTrust,2021-04-08,100
R0A,Manchester University NHS Foundation Trust,nhsTrust,2021-04-07,104
R0A,Manchester University NHS Foundation Trust,nhsTrust,2021-04-06,110
R0A,Manchester University NHS Foundation Trust,nhsTrust,2021-04-05,112
R0A,Manchester University NHS Foundation Trust,nhsTrust,2021-04-04,110
R0A,Manchester University NHS Foundation Trust,nhsTrust,2021-04-03,112
R0A,Manchester University NHS Foundation Trust,nhsTrust,2021-04-02,115
R0A,Manchester University NHS Foundation Trust,nhsTrust,2021-04-01,122
R0A,Manchester University NHS Foundation Trust,nhsTrust,2021-03-31,107
R0A,Manchester University NHS Foundation Trust,nhsTrust,2021-03-30,113
R0A,Manchester University NHS Foundation Trust,nhsTrust,2021-03-29,116
R0A,Manchester University NHS Foundation Trust,nhsTrust,2021-03-28,115
R0A,Manchester University NHS Foundation Trust,nhsTrust,2021-03-27,108
R0A,Manchester University NHS Foundation Trust,nhsTrust,2021-03-26,110
R0A,Manchester University NHS Foundation Trust,nhsTrust,2021-03-25,107
R0A,Manchester University NHS Foundation Trust,nhsTrust,2021-03-24,110
R0A,Manchester University NHS Foundation Trust,nhsTrust,2021-03-23,124
R0A,Manchester University NHS Foundation Trust,nhsTrust,2021-03-22,130
R0A,Manchester University NHS Foundation Trust,nhsTrust,2021-03-21,125
R0A,Manchester University NHS Foundation Trust,nhsTrust,2021-03-20,125
R0A,Manchester University NHS Foundation Trust,nhsTrust,2021-03-19,129
R0A,Manchester University NHS Foundation Trust,nhsTrust,2021-03-18,132
R0A,Manchester University NHS Foundation Trust,nhsTrust,2021-03-17,140
R0A,Manchester University NHS Foundation Trust,nhsTrust,2021-03-16,146
R0A,Manchester University NHS Foundation Trust,nhsTrust,2021-03-15,150
R0A,Manchester University NHS Foundation Trust,nhsTrust,2021-03-14,149
R0A,Manchester University NHS Foundation Trust,nhsTrust,2021-03-13,144
R0A,Manchester University NHS Foundation Trust,nhsTrust,2021-03-12,151
R0A,Manchester University NHS Foundation Trust,nhsTrust,2021-03-11,160
R0A,Manchester University NHS Foundation Trust,nhsTrust,2021-03-10,159
R0A,Manchester University NHS Foundation Trust,nhsTrust,2021-03-09,158
R0A,Manchester University NHS Foundation Trust,nhsTrust,2021-03-08,164
R0A,Manchester University NHS Foundation Trust,nhsTrust,2021-03-07,155
R0A,Manchester University NHS Foundation Trust,nhsTrust,2021-03-06,154
R0A,Manchester University NHS Foundation Trust,nhsTrust,2021-03-05,159
R0A,Manchester University NHS Foundation Trust,nhsTrust,2021-03-04,173
R0A,Manchester University NHS Foundation Trust,nhsTrust,2021-03-03,188
R0A,Manchester University NHS Foundation Trust,nhsTrust,2021-03-02,190
R0A,Manchester University NHS Foundation Trust,nhsTrust,2021-03-01,203
R0A,Manchester University NHS Foundation Trust,nhsTrust,2021-02-28,200
R0A,Manchester University NHS Foundation Trust,nhsTrust,2021-02-27,201
R0A,Manchester University NHS Foundation Trust,nhsTrust,2021-02-26,211
R0A,Manchester University NHS Foundation Trust,nhsTrust,2021-02-25,240
R0A,Manchester University NHS Foundation Trust,nhsTrust,2021-02-24,246
R0A,Manchester University NHS Foundation Trust,nhsTrust,2021-02-23,241
R0A,Manchester University NHS Foundation Trust,nhsTrust,2021-02-22,257
R0A,Manchester University NHS Foundation Trust,nhsTrust,2021-02-21,249
R0A,Manchester University NHS Foundation Trust,nhsTrust,2021-02-20,238
R0A,Manchester University NHS Foundation Trust,nhsTrust,2021-02-19,255
R0A,Manchester University NHS Foundation Trust,nhsTrust,2021-02-18,271
R0A,Manchester University NHS Foundation Trust,nhsTrust,2021-02-17,269
R0A,Manchester University NHS Foundation Trust,nhsTrust,2021-02-16,273
R0A,Manchester University NHS Foundation Trust,nhsTrust,2021-02-15,288
R0A,Manchester University NHS Foundation Trust,nhsTrust,2021-02-14,292
R0A,Manchester University NHS Foundation Trust,nhsTrust,2021-02-13,282
R0A,Manchester University NHS Foundation Trust,nhsTrust,2021-02-12,292
R0A,Manchester University NHS Foundation Trust,nhsTrust,2021-02-11,307
R0A,Manchester University NHS Foundation Trust,nhsTrust,2021-02-10,302
R0A,Manchester University NHS Foundation Trust,nhsTrust,2021-02-09,303
R0A,Manchester University NHS Foundation Trust,nhsTrust,2021-02-08,313
R0A,Manchester University NHS Foundation Trust,nhsTrust,2021-02-07,304
R0A,Manchester University NHS Foundation Trust,nhsTrust,2021-02-06,303
R0A,Manchester University NHS Foundation Trust,nhsTrust,2021-02-05,325
R0A,Manchester University NHS Foundation Trust,nhsTrust,2021-02-04,329
R0A,Manchester University NHS Foundation Trust,nhsTrust,2021-02-03,343
R0A,Manchester University NHS Foundation Trust,nhsTrust,2021-02-02,359
R0A,Manchester University NHS Foundation Trust,nhsTrust,2021-02-01,386
R0A,Manchester University NHS Foundation Trust,nhsTrust,2021-01-31,368
R0A,Manchester University NHS Foundation Trust,nhsTrust,2021-01-30,375
R0A,Manchester University NHS Foundation Trust,nhsTrust,2021-01-29,371
R0A,Manchester University NHS Foundation Trust,nhsTrust,2021-01-28,375
R0A,Manchester University NHS Foundation Trust,nhsTrust,2021-01-27,361
R0A,Manchester University NHS Foundation Trust,nhsTrust,2021-01-26,375
R0A,Manchester University NHS Foundation Trust,nhsTrust,2021-01-25,371
R0A,Manchester University NHS Foundation Trust,nhsTrust,2021-01-24,337
R0A,Manchester University NHS Foundation Trust,nhsTrust,2021-01-23,312
R0A,Manchester University NHS Foundation Trust,nhsTrust,2021-01-22,317
R0A,Manchester University NHS Foundation Trust,nhsTrust,2021-01-21,351
R0A,Manchester University NHS Foundation Trust,nhsTrust,2021-01-20,319
R0A,Manchester University NHS Foundation Trust,nhsTrust,2021-01-19,309
R0A,Manchester University NHS Foundation Trust,nhsTrust,2021-01-18,317
R0A,Manchester University NHS Foundation Trust,nhsTrust,2021-01-17,313
R0A,Manchester University NHS Foundation Trust,nhsTrust,2021-01-16,307
R0A,Manchester University NHS Foundation Trust,nhsTrust,2021-01-15,324
R0A,Manchester University NHS Foundation Trust,nhsTrust,2021-01-14,320
R0A,Manchester University NHS Foundation Trust,nhsTrust,2021-01-13,320
R0A,Manchester University NHS Foundation Trust,nhsTrust,2021-01-12,325
R0A,Manchester University NHS Foundation Trust,nhsTrust,2021-01-11,350
R0A,Manchester University NHS Foundation Trust,nhsTrust,2021-01-10,318
R0A,Manchester University NHS Foundation Trust,nhsTrust,2021-01-09,302
R0A,Manchester University NHS Foundation Trust,nhsTrust,2021-01-08,319
R0A,Manchester University NHS Foundation Trust,nhsTrust,2021-01-07,322
R0A,Manchester University NHS Foundation Trust,nhsTrust,2021-01-06,306
R0A,Manchester University NHS Foundation Trust,nhsTrust,2021-01-05,292
R0A,Manchester University NHS Foundation Trust,nhsTrust,2021-01-04,284
R0A,Manchester University NHS Foundation Trust,nhsTrust,2021-01-03,270
R0A,Manchester University NHS Foundation Trust,nhsTrust,2021-01-02,252
R0A,Manchester University NHS Foundation Trust,nhsTrust,2021-01-01,260
R0A,Manchester University NHS Foundation Trust,nhsTrust,2020-12-31,266
R0A,Manchester University NHS Foundation Trust,nhsTrust,2020-12-30,265
R0A,Manchester University NHS Foundation Trust,nhsTrust,2020-12-29,270
R0A,Manchester University NHS Foundation Trust,nhsTrust,2020-12-28,269
R0A,Manchester University NHS Foundation Trust,nhsTrust,2020-12-27,256
R0A,Manchester University NHS Foundation Trust,nhsTrust,2020-12-26,248
R0A,Manchester University NHS Foundation Trust,nhsTrust,2020-12-25,242
R0A,Manchester University NHS Foundation Trust,nhsTrust,2020-12-24,252
R0A,Manchester University NHS Foundation Trust,nhsTrust,2020-12-23,250
R0A,Manchester University NHS Foundation Trust,nhsTrust,2020-12-22,257
R0A,Manchester University NHS Foundation Trust,nhsTrust,2020-12-21,263
R0A,Manchester University NHS Foundation Trust,nhsTrust,2020-12-20,252
R0A,Manchester University NHS Foundation Trust,nhsTrust,2020-12-19,232
R0A,Manchester University NHS Foundation Trust,nhsTrust,2020-12-18,234
R0A,Manchester University NHS Foundation Trust,nhsTrust,2020-12-17,226
R0A,Manchester University NHS Foundation Trust,nhsTrust,2020-12-16,225
R0A,Manchester University NHS Foundation Trust,nhsTrust,2020-12-15,232
R0A,Manchester University NHS Foundation Trust,nhsTrust,2020-12-14,247
R0A,Manchester University NHS Foundation Trust,nhsTrust,2020-12-13,240
R0A,Manchester University NHS Foundation Trust,nhsTrust,2020-12-12,235
R0A,Manchester University NHS Foundation Trust,nhsTrust,2020-12-11,232
R0A,Manchester University NHS Foundation Trust,nhsTrust,2020-12-10,233
R0A,Manchester University NHS Foundation Trust,nhsTrust,2020-12-09,237
R0A,Manchester University NHS Foundation Trust,nhsTrust,2020-12-08,233
R0A,Manchester University NHS Foundation Trust,nhsTrust,2020-12-07,246
R0A,Manchester University NHS Foundation Trust,nhsTrust,2020-12-06,242
R0A,Manchester University NHS Foundation Trust,nhsTrust,2020-12-05,232
R0A,Manchester University NHS Foundation Trust,nhsTrust,2020-12-04,237
R0A,Manchester University NHS Foundation Trust,nhsTrust,2020-12-03,251
R0A,Manchester University NHS Foundation Trust,nhsTrust,2020-12-02,253
R0A,Manchester University NHS Foundation Trust,nhsTrust,2020-12-01,268
R0A,Manchester University NHS Foundation Trust,nhsTrust,2020-11-30,278
R0A,Manchester University NHS Foundation Trust,nhsTrust,2020-11-29,266
R0A,Manchester University NHS Foundation Trust,nhsTrust,2020-11-28,276
R0A,Manchester University NHS Foundation Trust,nhsTrust,2020-11-27,266
R0A,Manchester University NHS Foundation Trust,nhsTrust,2020-11-26,272
R0A,Manchester University NHS Foundation Trust,nhsTrust,2020-11-25,272
R0A,Manchester University NHS Foundation Trust,nhsTrust,2020-11-24,276
R0A,Manchester University NHS Foundation Trust,nhsTrust,2020-11-23,290
R0A,Manchester University NHS Foundation Trust,nhsTrust,2020-11-22,265
R0A,Manchester University NHS Foundation Trust,nhsTrust,2020-11-21,267
R0A,Manchester University NHS Foundation Trust,nhsTrust,2020-11-20,279
R0A,Manchester University NHS Foundation Trust,nhsTrust,2020-11-19,294
R0A,Manchester University NHS Foundation Trust,nhsTrust,2020-11-18,295
R0A,Manchester University NHS Foundation Trust,nhsTrust,2020-11-17,302
R0A,Manchester University NHS Foundation Trust,nhsTrust,2020-11-16,302
R0A,Manchester University NHS Foundation Trust,nhsTrust,2020-11-15,283
R0A,Manchester University NHS Foundation Trust,nhsTrust,2020-11-14,271
R0A,Manchester University NHS Foundation Trust,nhsTrust,2020-11-13,259
R0A,Manchester University NHS Foundation Trust,nhsTrust,2020-11-12,260
R0A,Manchester University NHS Foundation Trust,nhsTrust,2020-11-11,260
R0A,Manchester University NHS Foundation Trust,nhsTrust,2020-11-10,279
R0A,Manchester University NHS Foundation Trust,nhsTrust,2020-11-09,270
R0A,Manchester University NHS Foundation Trust,nhsTrust,2020-11-08,257
R0A,Manchester University NHS Foundation Trust,nhsTrust,2020-11-07,248
R0A,Manchester University NHS Foundation Trust,nhsTrust,2020-11-06,246
R0A,Manchester University NHS Foundation Trust,nhsTrust,2020-11-05,239
R0A,Manchester University NHS Foundation Trust,nhsTrust,2020-11-04,239
R0A,Manchester University NHS Foundation Trust,nhsTrust,2020-11-03,263
R0A,Manchester University NHS Foundation Trust,nhsTrust,2020-11-02,256
R0A,Manchester University NHS Foundation Trust,nhsTrust,2020-11-01,253
R0A,Manchester University NHS Foundation Trust,nhsTrust,2020-10-31,244
R0A,Manchester University NHS Foundation Trust,nhsTrust,2020-10-30,207
R0A,Manchester University NHS Foundation Trust,nhsTrust,2020-10-29,199
R0A,Manchester University NHS Foundation Trust,nhsTrust,2020-10-28,201
R0A,Manchester University NHS Foundation Trust,nhsTrust,2020-10-27,207
R0A,Manchester University NHS Foundation Trust,nhsTrust,2020-10-26,209
R0A,Manchester University NHS Foundation Trust,nhsTrust,2020-10-25,178
R0A,Manchester University NHS Foundation Trust,nhsTrust,2020-10-24,158
R0A,Manchester University NHS Foundation Trust,nhsTrust,2020-10-23,149
R0A,Manchester University NHS Foundation Trust,nhsTrust,2020-10-22,135
R0A,Manchester University NHS Foundation Trust,nhsTrust,2020-10-21,141
R0A,Manchester University NHS Foundation Trust,nhsTrust,2020-10-20,157
R0A,Manchester University NHS Foundation Trust,nhsTrust,2020-10-19,156
R0A,Manchester University NHS Foundation Trust,nhsTrust,2020-10-18,142
R0A,Manchester University NHS Foundation Trust,nhsTrust,2020-10-17,138
R0A,Manchester University NHS Foundation Trust,nhsTrust,2020-10-16,131
R0A,Manchester University NHS Foundation Trust,nhsTrust,2020-10-15,133
R0A,Manchester University NHS Foundation Trust,nhsTrust,2020-10-14,132
R0A,Manchester University NHS Foundation Trust,nhsTrust,2020-10-13,125
R0A,Manchester University NHS Foundation Trust,nhsTrust,2020-10-12,119
R0A,Manchester University NHS Foundation Trust,nhsTrust,2020-10-11,117
R0A,Manchester University NHS Foundation Trust,nhsTrust,2020-10-10,103
R0A,Manchester University NHS Foundation Trust,nhsTrust,2020-10-09,92
R0A,Manchester University NHS Foundation Trust,nhsTrust,2020-10-08,95
R0A,Manchester University NHS Foundation Trust,nhsTrust,2020-10-07,103
R0A,Manchester University NHS Foundation Trust,nhsTrust,2020-10-06,98
R0A,Manchester University NHS Foundation Trust,nhsTrust,2020-10-05,89
R0A,Manchester University NHS Foundation Trust,nhsTrust,2020-10-04,77
R0A,Manchester University NHS Foundation Trust,nhsTrust,2020-10-03,73
R0A,Manchester University NHS Foundation Trust,nhsTrust,2020-10-02,70
R0A,Manchester University NHS Foundation Trust,nhsTrust,2020-10-01,68
R0A,Manchester University NHS Foundation Trust,nhsTrust,2020-09-30,75
R0A,Manchester University NHS Foundation Trust,nhsTrust,2020-09-29,72
R0A,Manchester University NHS Foundation Trust,nhsTrust,2020-09-28,74
R0A,Manchester University NHS Foundation Trust,nhsTrust,2020-09-27,70
R0A,Manchester University NHS Foundation Trust,nhsTrust,2020-09-26,61
R0A,Manchester University NHS Foundation Trust,nhsTrust,2020-09-25,57
R0A,Manchester University NHS Foundation Trust,nhsTrust,2020-09-24,60
R0A,Manchester University NHS Foundation Trust,nhsTrust,2020-09-23,50
R0A,Manchester University NHS Foundation Trust,nhsTrust,2020-09-22,52
R0A,Manchester University NHS Foundation Trust,nhsTrust,2020-09-21,49
R0A,Manchester University NHS Foundation Trust,nhsTrust,2020-09-20,44
R0A,Manchester University NHS Foundation Trust,nhsTrust,2020-09-19,38
R0A,Manchester University NHS Foundation Trust,nhsTrust,2020-09-18,38
R0A,Manchester University NHS Foundation Trust,nhsTrust,2020-09-17,37
R0A,Manchester University NHS Foundation Trust,nhsTrust,2020-09-16,42
R0A,Manchester University NHS Foundation Trust,nhsTrust,2020-09-15,45
R0A,Manchester University NHS Foundation Trust,nhsTrust,2020-09-14,44
R0A,Manchester University NHS Foundation Trust,nhsTrust,2020-09-13,36
R0A,Manchester University NHS Foundation Trust,nhsTrust,2020-09-12,32
R0A,Manchester University NHS Foundation Trust,nhsTrust,2020-09-11,27
R0A,Manchester University NHS Foundation Trust,nhsTrust,2020-09-10,27
R0A,Manchester University NHS Foundation Trust,nhsTrust,2020-09-09,29
R0A,Manchester University NHS Foundation Trust,nhsTrust,2020-09-08,28
R0A,Manchester University NHS Foundation Trust,nhsTrust,2020-09-07,26
R0A,Manchester University NHS Foundation Trust,nhsTrust,2020-09-06,24
R0A,Manchester University NHS Foundation Trust,nhsTrust,2020-09-05,22
R0A,Manchester University NHS Foundation Trust,nhsTrust,2020-09-04,22
R0A,Manchester University NHS Foundation Trust,nhsTrust,2020-09-03,25
R0A,Manchester University NHS Foundation Trust,nhsTrust,2020-09-02,26
R0A,Manchester University NHS Foundation Trust,nhsTrust,2020-09-01,28
R0A,Manchester University NHS Foundation Trust,nhsTrust,2020-08-31,30
R0A,Manchester University NHS Foundation Trust,nhsTrust,2020-08-30,26
R0A,Manchester University NHS Foundation Trust,nhsTrust,2020-08-29,21
R0A,Manchester University NHS Foundation Trust,nhsTrust,2020-08-28,19
R0A,Manchester University NHS Foundation Trust,nhsTrust,2020-08-27,22
R0A,Manchester University NHS Foundation Trust,nhsTrust,2020-08-26,22
R0A,Manchester University NHS Foundation Trust,nhsTrust,2020-08-25,25
R0A,Manchester University NHS Foundation Trust,nhsTrust,2020-08-24,28
R0A,Manchester University NHS Foundation Trust,nhsTrust,2020-08-23,28
R0A,Manchester University NHS Foundation Trust,nhsTrust,2020-08-22,26
R0A,Manchester University NHS Foundation Trust,nhsTrust,2020-08-21,27
R0A,Manchester University NHS Foundation Trust,nhsTrust,2020-08-20,29
R0A,Manchester University NHS Foundation Trust,nhsTrust,2020-08-19,29
R0A,Manchester University NHS Foundation Trust,nhsTrust,2020-08-18,25
R0A,Manchester University NHS Foundation Trust,nhsTrust,2020-08-17,28
R0A,Manchester University NHS Foundation Trust,nhsTrust,2020-08-16,31
R0A,Manchester University NHS Foundation Trust,nhsTrust,2020-08-15,33
R0A,Manchester University NHS Foundation Trust,nhsTrust,2020-08-14,35
R0A,Manchester University NHS Foundation Trust,nhsTrust,2020-08-13,32
R0A,Manchester University NHS Foundation Trust,nhsTrust,2020-08-12,31
R0A,Manchester University NHS Foundation Trust,nhsTrust,2020-08-11,32
R0A,Manchester University NHS Foundation Trust,nhsTrust,2020-08-10,34
R0A,Manchester University NHS Foundation Trust,nhsTrust,2020-08-09,33
R0A,Manchester University NHS Foundation Trust,nhsTrust,2020-08-08,35
R0A,Manchester University NHS Foundation Trust,nhsTrust,2020-08-07,37
R0A,Manchester University NHS Foundation Trust,nhsTrust,2020-08-06,36
R0A,Manchester University NHS Foundation Trust,nhsTrust,2020-08-05,32
R0A,Manchester University NHS Foundation Trust,nhsTrust,2020-08-04,30
R0A,Manchester University NHS Foundation Trust,nhsTrust,2020-08-03,30
R0A,Manchester University NHS Foundation Trust,nhsTrust,2020-08-02,32
R0A,Manchester University NHS Foundation Trust,nhsTrust,2020-08-01,33
R0A,Manchester University NHS Foundation Trust,nhsTrust,2020-07-31,32
R0A,Manchester University NHS Foundation Trust,nhsTrust,2020-07-30,31
R0A,Manchester University NHS Foundation Trust,nhsTrust,2020-07-29,32
R0A,Manchester University NHS Foundation Trust,nhsTrust,2020-07-28,32
R0A,Manchester University NHS Foundation Trust,nhsTrust,2020-07-27,33
R0A,Manchester University NHS Foundation Trust,nhsTrust,2020-07-26,37
R0A,Manchester University NHS Foundation Trust,nhsTrust,2020-07-25,40
R0A,Manchester University NHS Foundation Trust,nhsTrust,2020-07-24,43
R0A,Manchester University NHS Foundation Trust,nhsTrust,2020-07-23,47
R0A,Manchester University NHS Foundation Trust,nhsTrust,2020-07-22,42
R0A,Manchester University NHS Foundation Trust,nhsTrust,2020-07-21,46
R0A,Manchester University NHS Foundation Trust,nhsTrust,2020-07-20,48
R0A,Manchester University NHS Foundation Trust,nhsTrust,2020-07-19,46
R0A,Manchester University NHS Foundation Trust,nhsTrust,2020-07-18,48
R0A,Manchester University NHS Foundation Trust,nhsTrust,2020-07-17,49
R0A,Manchester University NHS Foundation Trust,nhsTrust,2020-07-16,48
R0A,Manchester University NHS Foundation Trust,nhsTrust,2020-07-15,54
R0A,Manchester University NHS Foundation Trust,nhsTrust,2020-07-14,57
R0A,Manchester University NHS Foundation Trust,nhsTrust,2020-07-13,61
R0A,Manchester University NHS Foundation Trust,nhsTrust,2020-07-12,61
R0A,Manchester University NHS Foundation Trust,nhsTrust,2020-07-11,62
R0A,Manchester University NHS Foundation Trust,nhsTrust,2020-07-10,63
R0A,Manchester University NHS Foundation Trust,nhsTrust,2020-07-09,76
R0A,Manchester University NHS Foundation Trust,nhsTrust,2020-07-08,84
R0A,Manchester University NHS Foundation Trust,nhsTrust,2020-07-07,104
R0A,Manchester University NHS Foundation Trust,nhsTrust,2020-07-06,122
R0A,Manchester University NHS Foundation Trust,nhsTrust,2020-07-05,124
R0A,Manchester University NHS Foundation Trust,nhsTrust,2020-07-04,127
R0A,Manchester University NHS Foundation Trust,nhsTrust,2020-07-03,153
R0A,Manchester University NHS Foundation Trust,nhsTrust,2020-07-02,179
R0A,Manchester University NHS Foundation Trust,nhsTrust,2020-07-01,210
R0A,Manchester University NHS Foundation Trust,nhsTrust,2020-06-30,225
R0A,Manchester University NHS Foundation Trust,nhsTrust,2020-06-29,227
R0A,Manchester University NHS Foundation Trust,nhsTrust,2020-06-28,231
R0A,Manchester University NHS Foundation Trust,nhsTrust,2020-06-27,227
R0A,Manchester University NHS Foundation Trust,nhsTrust,2020-06-26,254
R0A,Manchester University NHS Foundation Trust,nhsTrust,2020-06-25,253
R0A,Manchester University NHS Foundation Trust,nhsTrust,2020-06-24,256
R0A,Manchester University NHS Foundation Trust,nhsTrust,2020-06-23,269
R0A,Manchester University NHS Foundation Trust,nhsTrust,2020-06-22,266
R0A,Manchester University NHS Foundation Trust,nhsTrust,2020-06-21,266
R0A,Manchester University NHS Foundation Trust,nhsTrust,2020-06-20,261
R0A,Manchester University NHS Foundation Trust,nhsTrust,2020-06-19,261
R0A,Manchester University NHS Foundation Trust,nhsTrust,2020-06-18,253
R0A,Manchester University NHS Foundation Trust,nhsTrust,2020-06-17,264
R0A,Manchester University NHS Foundation Trust,nhsTrust,2020-06-16,268
R0A,Manchester University NHS Foundation Trust,nhsTrust,2020-06-15,284
R0A,Manchester University NHS Foundation Trust,nhsTrust,2020-06-14,280
R0A,Manchester University NHS Foundation Trust,nhsTrust,2020-06-13,269
R0A,Manchester University NHS Foundation Trust,nhsTrust,2020-06-12,258
R0A,Manchester University NHS Foundation Trust,nhsTrust,2020-06-11,251
R0A,Manchester University NHS Foundation Trust,nhsTrust,2020-06-10,244
R0A,Manchester University NHS Foundation Trust,nhsTrust,2020-06-09,239
R0A,Manchester University NHS Foundation Trust,nhsTrust,2020-06-08,243
R0A,Manchester University NHS Foundation Trust,nhsTrust,2020-06-07,243
R0A,Manchester University NHS Foundation Trust,nhsTrust,2020-06-06,237
R0A,Manchester University NHS Foundation Trust,nhsTrust,2020-06-05,230
R0A,Manchester University NHS Foundation Trust,nhsTrust,2020-06-04,213
R0A,Manchester University NHS Foundation Trust,nhsTrust,2020-06-03,221
R0A,Manchester University NHS Foundation Trust,nhsTrust,2020-06-02,238
R0A,Manchester University NHS Foundation Trust,nhsTrust,2020-06-01,238
R0A,Manchester University NHS Foundation Trust,nhsTrust,2020-05-31,239
R0A,Manchester University NHS Foundation Trust,nhsTrust,2020-05-30,243
R0A,Manchester University NHS Foundation Trust,nhsTrust,2020-05-29,248
R0A,Manchester University NHS Foundation Trust,nhsTrust,2020-05-28,254
R0A,Manchester University NHS Foundation Trust,nhsTrust,2020-05-27,265
R0A,Manchester University NHS Foundation Trust,nhsTrust,2020-05-26,280
R0A,Manchester University NHS Foundation Trust,nhsTrust,2020-05-25,278
R0A,Manchester University NHS Foundation Trust,nhsTrust,2020-05-24,285
R0A,Manchester University NHS Foundation Trust,nhsTrust,2020-05-23,287
R0A,Manchester University NHS Foundation Trust,nhsTrust,2020-05-22,286
R0A,Manchester University NHS Foundation Trust,nhsTrust,2020-05-21,289
R0A,Manchester University NHS Foundation Trust,nhsTrust,2020-05-20,293
R0A,Manchester University NHS Foundation Trust,nhsTrust,2020-05-19,307
R0A,Manchester University NHS Foundation Trust,nhsTrust,2020-05-18,315
R0A,Manchester University NHS Foundation Trust,nhsTrust,2020-05-17,311
R0A,Manchester University NHS Foundation Trust,nhsTrust,2020-05-16,305
R0A,Manchester University NHS Foundation Trust,nhsTrust,2020-05-15,309
R0A,Manchester University NHS Foundation Trust,nhsTrust,2020-05-14,318
R0A,Manchester University NHS Foundation Trust,nhsTrust,2020-05-13,318
R0A,Manchester University NHS Foundation Trust,nhsTrust,2020-05-12,317
R0A,Manchester University NHS Foundation Trust,nhsTrust,2020-05-11,317
R0A,Manchester University NHS Foundation Trust,nhsTrust,2020-05-10,309
R0A,Manchester University NHS Foundation Trust,nhsTrust,2020-05-09,309
R0A,Manchester University NHS Foundation Trust,nhsTrust,2020-05-08,311
R0A,Manchester University NHS Foundation Trust,nhsTrust,2020-05-07,319
R0A,Manchester University NHS Foundation Trust,nhsTrust,2020-05-06,327
R0A,Manchester University NHS Foundation Trust,nhsTrust,2020-05-05,323
R0A,Manchester University NHS Foundation Trust,nhsTrust,2020-05-04,329
R0A,Manchester University NHS Foundation Trust,nhsTrust,2020-05-03,326
R0A,Manchester University NHS Foundation Trust,nhsTrust,2020-05-02,326
R0A,Manchester University NHS Foundation Trust,nhsTrust,2020-05-01,328
R0A,Manchester University NHS Foundation Trust,nhsTrust,2020-04-30,319
R0A,Manchester University NHS Foundation Trust,nhsTrust,2020-04-29,330
R0A,Manchester University NHS Foundation Trust,nhsTrust,2020-04-28,335
R0A,Manchester University NHS Foundation Trust,nhsTrust,2020-04-27,339
R0A,Manchester University NHS Foundation Trust,nhsTrust,2020-04-26,336
R0A,Manchester University NHS Foundation Trust,nhsTrust,2020-04-25,336
R0A,Manchester University NHS Foundation Trust,nhsTrust,2020-04-24,356
R0A,Manchester University NHS Foundation Trust,nhsTrust,2020-04-23,375
R0A,Manchester University NHS Foundation Trust,nhsTrust,2020-04-22,372
R0A,Manchester University NHS Foundation Trust,nhsTrust,2020-04-21,381
R0A,Manchester University NHS Foundation Trust,nhsTrust,2020-04-20,386
R0A,Manchester University NHS Foundation Trust,nhsTrust,2020-04-19,386
R0A,Manchester University NHS Foundation Trust,nhsTrust,2020-04-18,382
R0A,Manchester University NHS Foundation Trust,nhsTrust,2020-04-17,182
R0A,Manchester University NHS Foundation Trust,nhsTrust,2020-04-16,409
R0A,Manchester University NHS Foundation Trust,nhsTrust,2020-04-15,215
R0A,Manchester University NHS Foundation Trust,nhsTrust,2020-04-14,427
R0A,Manchester University NHS Foundation Trust,nhsTrust,2020-04-13,417
R0A,Manchester University NHS Foundation Trust,nhsTrust,2020-04-12,414
R0A,Manchester University NHS Foundation Trust,nhsTrust,2020-04-11,390
R0A,Manchester University NHS Foundation Trust,nhsTrust,2020-04-10,394
R0A,Manchester University NHS Foundation Trust,nhsTrust,2020-04-09,379
R0A,Manchester University NHS Foundation Trust,nhsTrust,2020-04-08,330
R0A,Manchester University NHS Foundation Trust,nhsTrust,2020-04-07,310
R0A,Manchester University NHS Foundation Trust,nhsTrust,2020-04-06,302
R0A,Manchester University NHS Foundation Trust,nhsTrust,2020-04-05,268
R0A,Manchester University NHS Foundation Trust,nhsTrust,2020-04-04,247
R0A,Manchester University NHS Foundation Trust,nhsTrust,2020-04-03,217
R0A,Manchester University NHS Foundation Trust,nhsTrust,2020-04-02,187
R0A,Manchester University NHS Foundation Trust,nhsTrust,2020-04-01,152
R0A,Manchester University NHS Foundation Trust,nhsTrust,2020-03-31,128
R0A,Manchester University NHS Foundation Trust,nhsTrust,2020-03-30,90
R0A,Manchester University NHS Foundation Trust,nhsTrust,2020-03-29,78
R0A,Manchester University NHS Foundation Trust,nhsTrust,2020-03-28,66
R0A,Manchester University NHS Foundation Trust,nhsTrust,2020-03-27,44
R0A,Manchester University NHS Foundation Trust,nhsTrust,2020-03-26,37
R0A,Manchester University NHS Foundation Trust,nhsTrust,2020-03-25,27
R0A,Manchester University NHS Foundation Trust,nhsTrust,2020-03-24,23
R0A,Manchester University NHS Foundation Trust,nhsTrust,2020-03-23,15
R0A,Manchester University NHS Foundation Trust,nhsTrust,2020-03-22,12
R0A,Manchester University NHS Foundation Trust,nhsTrust,2020-03-21,9
R0A,Manchester University NHS Foundation Trust,nhsTrust,2020-03-20,10
